text,user_id,topic,source,timestamp
cricket match chala exciting ga undi,user_1605,sports,facebook,2024-03-12
budget plan chesukovali,user_5435,finance,facebook,2024-02-07
diet follow avadam kastam,user_6385,health,telegram,2024-01-24
gym ki regular ga velthunna,user_2735,health,youtube,2024-05-02
new movie release kosam wait chesthunna,user_8791,entertainment,twitter,2024-01-12
money save cheyadam important,user_6333,finance,telegram,2024-01-11
new movie release kosam wait chesthunna,user_2158,entertainment,facebook,2024-03-31
cricket match chala exciting ga undi,user_6398,sports,twitter,2024-04-07
healthy food tinadam start chesa,user_5298,health,telegram,2024-01-18
series binge watch chesa,user_2264,entertainment,facebook,2024-02-05
expenses control cheyali,user_8234,finance,linkedin,2024-06-01
water ekkuva tagali ani decide ayya,user_2387,health,twitter,2024-01-08
new places explore cheyadam ishtam,user_1026,travel,instagram,2024-05-11
gym ki regular ga velthunna,user_5533,health,instagram,2024-06-22
friends tho outing plan chesam,user_8115,travel,instagram,2024-01-15
investment gurinchi nerchukuntunna,user_1036,finance,twitter,2024-06-28
friends tho outing plan chesam,user_7068,travel,instagram,2024-01-15
diet follow avadam kastam,user_6476,health,instagram,2024-02-14
songs vinadam relax istundi,user_2613,entertainment,twitter,2024-02-05
healthy food tinadam start chesa,user_3711,health,twitter,2024-05-18
comedy show chala funny ga undi,user_3151,entertainment,instagram,2024-01-15
OTT lo content chala undi,user_3392,entertainment,linkedin,2024-05-14
money save cheyadam important,user_2885,finance,linkedin,2024-06-09
new places explore cheyadam ishtam,user_3915,travel,twitter,2024-04-07
investment gurinchi nerchukuntunna,user_8053,finance,telegram,2024-05-29
football game super ga aadaru,user_3166,sports,facebook,2024-02-11
journey koncham tiring ga undi,user_7088,travel,instagram,2024-01-19
gym ki regular ga velthunna,user_1032,health,twitter,2024-06-27
team performance bagundi,user_5849,sports,youtube,2024-05-02
diet follow avadam kastam,user_2784,health,linkedin,2024-05-01
songs vinadam relax istundi,user_7307,entertainment,instagram,2024-02-03
investment gurinchi nerchukuntunna,user_2333,finance,twitter,2024-04-03
songs vinadam relax istundi,user_8660,entertainment,telegram,2024-02-07
match last over lo twist ochindi,user_3117,sports,facebook,2024-02-10
budget plan chesukovali,user_1092,finance,twitter,2024-02-02
money save cheyadam important,user_3903,finance,youtube,2024-04-19
budget plan chesukovali,user_5051,finance,facebook,2024-06-30
series binge watch chesa,user_8847,entertainment,twitter,2024-02-07
gym ki regular ga velthunna,user_9520,health,whatsapp,2024-02-21
new movie release kosam wait chesthunna,user_8764,entertainment,youtube,2024-01-10
fitness training start chesanu,user_9281,sports,telegram,2024-02-23
expenses control cheyali,user_9117,finance,facebook,2024-06-22
OTT lo content chala undi,user_9802,entertainment,twitter,2024-06-23
investment gurinchi nerchukuntunna,user_5591,finance,twitter,2024-03-25
stock market chala volatile ga undi,user_6917,finance,instagram,2024-05-23
budget plan chesukovali,user_7161,finance,youtube,2024-04-12
songs vinadam relax istundi,user_7639,entertainment,facebook,2024-01-31
beach view amazing ga undi,user_5473,travel,instagram,2024-03-05
OTT lo content chala undi,user_3947,entertainment,linkedin,2024-03-12
water ekkuva tagali ani decide ayya,user_1508,health,instagram,2024-06-07
series binge watch chesa,user_9019,entertainment,twitter,2024-02-22
friends tho outing plan chesam,user_1315,travel,telegram,2024-03-21
songs vinadam relax istundi,user_1234,entertainment,twitter,2024-04-14
journey koncham tiring ga undi,user_6316,travel,youtube,2024-01-22
series binge watch chesa,user_1198,entertainment,facebook,2024-01-28
team performance bagundi,user_5375,sports,facebook,2024-03-16
football game super ga aadaru,user_2265,sports,twitter,2024-02-23
beach view amazing ga undi,user_1934,travel,telegram,2024-06-15
cricket match chala exciting ga undi,user_4985,sports,twitter,2024-01-01
cricket match chala exciting ga undi,user_7748,sports,twitter,2024-02-14
football game super ga aadaru,user_2834,sports,instagram,2024-02-21
stock market chala volatile ga undi,user_6520,finance,twitter,2024-05-30
series binge watch chesa,user_1039,entertainment,telegram,2024-04-12
series binge watch chesa,user_3386,entertainment,instagram,2024-02-17
series binge watch chesa,user_9488,entertainment,facebook,2024-06-06
series binge watch chesa,user_9175,entertainment,twitter,2024-04-22
investment gurinchi nerchukuntunna,user_3052,finance,twitter,2024-03-18
team performance bagundi,user_8544,sports,telegram,2024-01-31
expenses control cheyali,user_1286,finance,facebook,2024-04-07
trip ki vellanu chala enjoy chesa,user_7642,travel,instagram,2024-03-18
healthy food tinadam start chesa,user_7758,health,telegram,2024-05-08
series binge watch chesa,user_6614,entertainment,twitter,2024-05-20
new places explore cheyadam ishtam,user_6323,travel,twitter,2024-06-04
journey koncham tiring ga undi,user_9835,travel,telegram,2024-06-23
morning walk chala refreshing ga undi,user_3387,health,twitter,2024-01-14
stock market chala volatile ga undi,user_9862,finance,instagram,2024-05-05
morning walk chala refreshing ga undi,user_1919,health,twitter,2024-04-24
gym ki regular ga velthunna,user_2287,health,facebook,2024-02-14
investment gurinchi nerchukuntunna,user_4873,finance,twitter,2024-03-24
journey koncham tiring ga undi,user_6997,travel,telegram,2024-05-26
team performance bagundi,user_8392,sports,twitter,2024-05-07
gym ki regular ga velthunna,user_9685,health,instagram,2024-01-12
money save cheyadam important,user_1232,finance,youtube,2024-06-01
budget plan chesukovali,user_4915,finance,instagram,2024-03-29
match last over lo twist ochindi,user_7731,sports,telegram,2024-06-15
expenses control cheyali,user_6415,finance,twitter,2024-04-04
diet follow avadam kastam,user_4112,health,twitter,2024-04-12
beach view amazing ga undi,user_1125,travel,instagram,2024-01-02
gym ki regular ga velthunna,user_9176,health,youtube,2024-01-13
diet follow avadam kastam,user_2894,health,twitter,2024-02-11
healthy food tinadam start chesa,user_3470,health,telegram,2024-05-30
series binge watch chesa,user_4069,entertainment,twitter,2024-03-21
trip ki vellanu chala enjoy chesa,user_2110,travel,twitter,2024-03-30
new movie release kosam wait chesthunna,user_2045,entertainment,telegram,2024-03-15
beach view amazing ga undi,user_6005,travel,twitter,2024-02-22
cricket match chala exciting ga undi,user_5321,sports,twitter,2024-05-19
new movie release kosam wait chesthunna,user_1954,entertainment,facebook,2024-01-28
new movie release kosam wait chesthunna,user_5513,entertainment,twitter,2024-03-15
team performance bagundi,user_6180,sports,twitter,2024-06-16
investment gurinchi nerchukuntunna,user_5947,finance,linkedin,2024-06-01
fitness training start chesanu,user_6773,sports,twitter,2024-06-14
healthy food tinadam start chesa,user_1268,health,telegram,2024-02-19
water ekkuva tagali ani decide ayya,user_8519,health,facebook,2024-01-27
beach view amazing ga undi,user_5639,travel,youtube,2024-05-25
OTT lo content chala undi,user_1688,entertainment,instagram,2024-04-26
morning walk chala refreshing ga undi,user_8042,health,facebook,2024-02-02
match last over lo twist ochindi,user_2520,sports,instagram,2024-02-13
water ekkuva tagali ani decide ayya,user_5083,health,instagram,2024-04-23
beach view amazing ga undi,user_8000,travel,twitter,2024-02-16
fitness training start chesanu,user_5585,sports,facebook,2024-03-21
trip ki vellanu chala enjoy chesa,user_4573,travel,facebook,2024-04-20
match last over lo twist ochindi,user_9774,sports,twitter,2024-05-16
match last over lo twist ochindi,user_4570,sports,twitter,2024-05-27
match last over lo twist ochindi,user_3737,sports,twitter,2024-01-07
diet follow avadam kastam,user_2410,health,instagram,2024-03-20
comedy show chala funny ga undi,user_7694,entertainment,twitter,2024-01-28
cricket match chala exciting ga undi,user_4529,sports,twitter,2024-03-29
songs vinadam relax istundi,user_1666,entertainment,twitter,2024-05-11
match last over lo twist ochindi,user_1989,sports,instagram,2024-04-15
series binge watch chesa,user_5730,entertainment,twitter,2024-04-12
new places explore cheyadam ishtam,user_8087,travel,twitter,2024-02-01
cricket match chala exciting ga undi,user_8750,sports,twitter,2024-06-14
match last over lo twist ochindi,user_2419,sports,twitter,2024-01-20
diet follow avadam kastam,user_7564,health,instagram,2024-04-18
beach view amazing ga undi,user_9844,travel,linkedin,2024-02-19
trip ki vellanu chala enjoy chesa,user_1202,travel,facebook,2024-01-18
money save cheyadam important,user_8050,finance,youtube,2024-06-25
journey koncham tiring ga undi,user_1909,travel,instagram,2024-01-14
cricket match chala exciting ga undi,user_4974,sports,instagram,2024-02-26
friends tho outing plan chesam,user_8107,travel,facebook,2024-05-25
expenses control cheyali,user_5763,finance,twitter,2024-06-14
comedy show chala funny ga undi,user_5908,entertainment,instagram,2024-03-26
expenses control cheyali,user_6999,finance,instagram,2024-06-10
OTT lo content chala undi,user_3438,entertainment,instagram,2024-04-22
match last over lo twist ochindi,user_4752,sports,youtube,2024-05-12
water ekkuva tagali ani decide ayya,user_8761,health,twitter,2024-06-20
new places explore cheyadam ishtam,user_4435,travel,instagram,2024-02-20
songs vinadam relax istundi,user_9100,entertainment,facebook,2024-04-10
football game super ga aadaru,user_1232,sports,twitter,2024-05-21
water ekkuva tagali ani decide ayya,user_2272,health,instagram,2024-04-07
songs vinadam relax istundi,user_1389,entertainment,twitter,2024-01-10
OTT lo content chala undi,user_7116,entertainment,twitter,2024-05-15
new movie release kosam wait chesthunna,user_9448,entertainment,twitter,2024-06-14
fitness training start chesanu,user_9361,sports,twitter,2024-02-15
beach view amazing ga undi,user_6088,travel,twitter,2024-01-10
stock market chala volatile ga undi,user_6081,finance,twitter,2024-04-08
investment gurinchi nerchukuntunna,user_2382,finance,facebook,2024-04-12
comedy show chala funny ga undi,user_9317,entertainment,twitter,2024-05-12
beach view amazing ga undi,user_9099,travel,twitter,2024-01-06
series binge watch chesa,user_9076,entertainment,instagram,2024-03-27
football game super ga aadaru,user_2183,sports,facebook,2024-04-02
new movie release kosam wait chesthunna,user_4575,entertainment,twitter,2024-02-08
songs vinadam relax istundi,user_9112,entertainment,instagram,2024-06-21
stock market chala volatile ga undi,user_1316,finance,twitter,2024-04-10
friends tho outing plan chesam,user_9908,travel,twitter,2024-01-25
expenses control cheyali,user_9142,finance,facebook,2024-01-28
diet follow avadam kastam,user_4417,health,telegram,2024-02-05
new movie release kosam wait chesthunna,user_6085,entertainment,twitter,2024-02-25
investment gurinchi nerchukuntunna,user_6129,finance,youtube,2024-02-27
investment gurinchi nerchukuntunna,user_8341,finance,facebook,2024-02-23
friends tho outing plan chesam,user_6560,travel,facebook,2024-01-23
budget plan chesukovali,user_6912,finance,twitter,2024-04-17
healthy food tinadam start chesa,user_4427,health,twitter,2024-05-11
morning walk chala refreshing ga undi,user_6441,health,instagram,2024-04-17
investment gurinchi nerchukuntunna,user_2740,finance,youtube,2024-03-02
friends tho outing plan chesam,user_2760,travel,instagram,2024-06-21
fitness training start chesanu,user_4695,sports,twitter,2024-03-23
expenses control cheyali,user_6155,finance,instagram,2024-03-10
friends tho outing plan chesam,user_3338,travel,facebook,2024-03-21
gym ki regular ga velthunna,user_9616,health,facebook,2024-01-23
series binge watch chesa,user_4898,entertainment,instagram,2024-06-18
songs vinadam relax istundi,user_4256,entertainment,facebook,2024-06-24
series binge watch chesa,user_7222,entertainment,youtube,2024-03-16
expenses control cheyali,user_8321,finance,facebook,2024-05-11
fitness training start chesanu,user_7787,sports,twitter,2024-02-23
money save cheyadam important,user_4943,finance,youtube,2024-06-19
new places explore cheyadam ishtam,user_3894,travel,instagram,2024-01-05
diet follow avadam kastam,user_4235,health,twitter,2024-04-13
match last over lo twist ochindi,user_8204,sports,linkedin,2024-06-23
investment gurinchi nerchukuntunna,user_7213,finance,telegram,2024-05-24
trip ki vellanu chala enjoy chesa,user_7246,travel,facebook,2024-05-14
songs vinadam relax istundi,user_4882,entertainment,instagram,2024-04-06
investment gurinchi nerchukuntunna,user_4321,finance,instagram,2024-02-15
stock market chala volatile ga undi,user_3937,finance,instagram,2024-06-17
OTT lo content chala undi,user_5471,entertainment,twitter,2024-02-02
match last over lo twist ochindi,user_7909,sports,instagram,2024-06-08
budget plan chesukovali,user_5836,finance,twitter,2024-03-19
match last over lo twist ochindi,user_6329,sports,instagram,2024-06-10
trip ki vellanu chala enjoy chesa,user_3705,travel,youtube,2024-01-03
songs vinadam relax istundi,user_1781,entertainment,twitter,2024-05-13
fitness training start chesanu,user_8927,sports,facebook,2024-02-16
diet follow avadam kastam,user_6679,health,instagram,2024-03-27
stock market chala volatile ga undi,user_6187,finance,twitter,2024-01-02
cricket match chala exciting ga undi,user_9579,sports,instagram,2024-05-26
stock market chala volatile ga undi,user_1583,finance,facebook,2024-02-19
new places explore cheyadam ishtam,user_6815,travel,youtube,2024-06-12
trip ki vellanu chala enjoy chesa,user_3507,travel,instagram,2024-01-24
new places explore cheyadam ishtam,user_8997,travel,youtube,2024-03-25
investment gurinchi nerchukuntunna,user_9246,finance,twitter,2024-01-24
money save cheyadam important,user_8126,finance,twitter,2024-04-01
series binge watch chesa,user_9036,entertainment,facebook,2024-01-02
new places explore cheyadam ishtam,user_7767,travel,twitter,2024-01-25
diet follow avadam kastam,user_1344,health,twitter,2024-05-17
diet follow avadam kastam,user_1905,health,instagram,2024-06-27
journey koncham tiring ga undi,user_9046,travel,linkedin,2024-02-11
team performance bagundi,user_4979,sports,youtube,2024-03-07
new places explore cheyadam ishtam,user_2701,travel,twitter,2024-05-07
comedy show chala funny ga undi,user_2935,entertainment,linkedin,2024-03-12
match last over lo twist ochindi,user_4828,sports,instagram,2024-04-25
comedy show chala funny ga undi,user_5103,entertainment,twitter,2024-06-06
friends tho outing plan chesam,user_9797,travel,instagram,2024-06-21
trip ki vellanu chala enjoy chesa,user_1749,travel,twitter,2024-02-28
team performance bagundi,user_3260,sports,twitter,2024-02-27
friends tho outing plan chesam,user_8140,travel,linkedin,2024-05-10
match last over lo twist ochindi,user_5762,sports,facebook,2024-02-03
songs vinadam relax istundi,user_4849,entertainment,instagram,2024-05-19
water ekkuva tagali ani decide ayya,user_1045,health,youtube,2024-02-06
songs vinadam relax istundi,user_9517,entertainment,facebook,2024-06-10
journey koncham tiring ga undi,user_4536,travel,telegram,2024-05-13
comedy show chala funny ga undi,user_1058,entertainment,twitter,2024-01-11
fitness training start chesanu,user_3436,sports,youtube,2024-01-17
beach view amazing ga undi,user_1444,travel,instagram,2024-06-25
team performance bagundi,user_8238,sports,twitter,2024-02-27
diet follow avadam kastam,user_6458,health,instagram,2024-02-20
OTT lo content chala undi,user_8222,entertainment,twitter,2024-04-13
stock market chala volatile ga undi,user_7501,finance,instagram,2024-06-28
healthy food tinadam start chesa,user_6506,health,telegram,2024-03-23
budget plan chesukovali,user_9114,finance,youtube,2024-03-24
diet follow avadam kastam,user_5996,health,twitter,2024-06-24
cricket match chala exciting ga undi,user_9831,sports,twitter,2024-06-29
new movie release kosam wait chesthunna,user_3505,entertainment,twitter,2024-01-10
investment gurinchi nerchukuntunna,user_1976,finance,telegram,2024-01-23
water ekkuva tagali ani decide ayya,user_5041,health,instagram,2024-06-14
expenses control cheyali,user_9915,finance,facebook,2024-03-10
diet follow avadam kastam,user_8567,health,linkedin,2024-05-08
football game super ga aadaru,user_3731,sports,linkedin,2024-03-02
budget plan chesukovali,user_9779,finance,youtube,2024-01-15
diet follow avadam kastam,user_1564,health,twitter,2024-06-26
match last over lo twist ochindi,user_7487,sports,facebook,2024-04-13
beach view amazing ga undi,user_4917,travel,instagram,2024-01-18
water ekkuva tagali ani decide ayya,user_8623,health,instagram,2024-03-17
expenses control cheyali,user_1641,finance,instagram,2024-05-06
series binge watch chesa,user_4198,entertainment,facebook,2024-05-15
team performance bagundi,user_1955,sports,youtube,2024-05-13
diet follow avadam kastam,user_8822,health,facebook,2024-01-25
beach view amazing ga undi,user_7139,travel,youtube,2024-02-10
cricket match chala exciting ga undi,user_2374,sports,instagram,2024-02-10
cricket match chala exciting ga undi,user_4501,sports,twitter,2024-02-10
friends tho outing plan chesam,user_8707,travel,twitter,2024-05-09
gym ki regular ga velthunna,user_3521,health,telegram,2024-05-06
money save cheyadam important,user_4246,finance,instagram,2024-02-22
trip ki vellanu chala enjoy chesa,user_4429,travel,facebook,2024-02-16
stock market chala volatile ga undi,user_3244,finance,twitter,2024-05-05
morning walk chala refreshing ga undi,user_2918,health,facebook,2024-06-09
trip ki vellanu chala enjoy chesa,user_2549,travel,instagram,2024-01-21
new places explore cheyadam ishtam,user_3398,travel,facebook,2024-04-10
songs vinadam relax istundi,user_1005,entertainment,instagram,2024-01-23
series binge watch chesa,user_2173,entertainment,linkedin,2024-03-04
cricket match chala exciting ga undi,user_7422,sports,youtube,2024-06-23
cricket match chala exciting ga undi,user_9103,sports,youtube,2024-05-10
journey koncham tiring ga undi,user_7046,travel,twitter,2024-01-02
water ekkuva tagali ani decide ayya,user_1791,health,facebook,2024-04-06
comedy show chala funny ga undi,user_1809,entertainment,linkedin,2024-02-29
expenses control cheyali,user_9349,finance,twitter,2024-06-19
water ekkuva tagali ani decide ayya,user_7104,health,twitter,2024-03-21
budget plan chesukovali,user_7275,finance,twitter,2024-06-06
new places explore cheyadam ishtam,user_2793,travel,twitter,2024-04-01
gym ki regular ga velthunna,user_8539,health,facebook,2024-05-04
investment gurinchi nerchukuntunna,user_5562,finance,whatsapp,2024-05-04
new places explore cheyadam ishtam,user_6373,travel,youtube,2024-03-09
new places explore cheyadam ishtam,user_5118,travel,instagram,2024-06-03
cricket match chala exciting ga undi,user_1573,sports,instagram,2024-06-09
new places explore cheyadam ishtam,user_3370,travel,youtube,2024-04-20
team performance bagundi,user_6435,sports,twitter,2024-06-07
trip ki vellanu chala enjoy chesa,user_1059,travel,twitter,2024-03-20
new movie release kosam wait chesthunna,user_5093,entertainment,twitter,2024-01-23
water ekkuva tagali ani decide ayya,user_2523,health,facebook,2024-02-24
fitness training start chesanu,user_2696,sports,facebook,2024-03-30
money save cheyadam important,user_6566,finance,telegram,2024-02-14
friends tho outing plan chesam,user_3204,travel,youtube,2024-04-14
water ekkuva tagali ani decide ayya,user_4660,health,linkedin,2024-01-16
healthy food tinadam start chesa,user_9085,health,twitter,2024-02-28
new movie release kosam wait chesthunna,user_7647,entertainment,whatsapp,2024-05-25
beach view amazing ga undi,user_5176,travel,whatsapp,2024-02-12
football game super ga aadaru,user_6143,sports,facebook,2024-05-28
expenses control cheyali,user_3643,finance,twitter,2024-03-06
water ekkuva tagali ani decide ayya,user_2061,health,twitter,2024-04-06
cricket match chala exciting ga undi,user_9808,sports,instagram,2024-04-11
gym ki regular ga velthunna,user_5765,health,twitter,2024-02-22
investment gurinchi nerchukuntunna,user_6077,finance,instagram,2024-03-18
investment gurinchi nerchukuntunna,user_1793,finance,telegram,2024-04-28
cricket match chala exciting ga undi,user_7590,sports,twitter,2024-03-11
stock market chala volatile ga undi,user_2787,finance,twitter,2024-04-16
new movie release kosam wait chesthunna,user_9536,entertainment,twitter,2024-01-06
water ekkuva tagali ani decide ayya,user_2307,health,instagram,2024-04-09
team performance bagundi,user_8952,sports,instagram,2024-05-07
comedy show chala funny ga undi,user_7595,entertainment,linkedin,2024-05-01
match last over lo twist ochindi,user_8919,sports,facebook,2024-04-22
healthy food tinadam start chesa,user_6413,health,youtube,2024-02-17
investment gurinchi nerchukuntunna,user_3016,finance,instagram,2024-06-10
diet follow avadam kastam,user_2702,health,facebook,2024-01-04
money save cheyadam important,user_7916,finance,linkedin,2024-06-18
new movie release kosam wait chesthunna,user_8528,entertainment,twitter,2024-01-04
cricket match chala exciting ga undi,user_5579,sports,instagram,2024-06-27
match last over lo twist ochindi,user_6429,sports,twitter,2024-03-04
expenses control cheyali,user_8448,finance,facebook,2024-06-18
stock market chala volatile ga undi,user_6960,finance,twitter,2024-03-14
team performance bagundi,user_9425,sports,facebook,2024-03-25
money save cheyadam important,user_7326,finance,instagram,2024-03-09
budget plan chesukovali,user_6575,finance,twitter,2024-06-22
match last over lo twist ochindi,user_1444,sports,twitter,2024-01-19
match last over lo twist ochindi,user_1936,sports,twitter,2024-03-10
new movie release kosam wait chesthunna,user_1976,entertainment,instagram,2024-03-01
beach view amazing ga undi,user_8850,travel,youtube,2024-04-22
comedy show chala funny ga undi,user_7770,entertainment,facebook,2024-01-02
trip ki vellanu chala enjoy chesa,user_1720,travel,instagram,2024-04-27
journey koncham tiring ga undi,user_9895,travel,youtube,2024-06-11
fitness training start chesanu,user_4381,sports,twitter,2024-02-22
football game super ga aadaru,user_1045,sports,twitter,2024-06-24
series binge watch chesa,user_1257,entertainment,youtube,2024-03-13
new movie release kosam wait chesthunna,user_9597,entertainment,youtube,2024-01-14
OTT lo content chala undi,user_4906,entertainment,instagram,2024-02-05
match last over lo twist ochindi,user_4095,sports,instagram,2024-02-04
budget plan chesukovali,user_5841,finance,instagram,2024-04-13
journey koncham tiring ga undi,user_4641,travel,telegram,2024-06-27
budget plan chesukovali,user_8614,finance,facebook,2024-01-26
songs vinadam relax istundi,user_6801,entertainment,youtube,2024-04-27
healthy food tinadam start chesa,user_6398,health,twitter,2024-06-25
diet follow avadam kastam,user_9474,health,whatsapp,2024-01-09
gym ki regular ga velthunna,user_3841,health,twitter,2024-04-21
cricket match chala exciting ga undi,user_6391,sports,twitter,2024-02-27
series binge watch chesa,user_6455,entertainment,twitter,2024-02-23
comedy show chala funny ga undi,user_8919,entertainment,twitter,2024-06-14
expenses control cheyali,user_5193,finance,youtube,2024-03-02
match last over lo twist ochindi,user_1944,sports,twitter,2024-01-16
trip ki vellanu chala enjoy chesa,user_5106,travel,twitter,2024-06-17
morning walk chala refreshing ga undi,user_8642,health,facebook,2024-03-17
expenses control cheyali,user_8875,finance,facebook,2024-05-14
budget plan chesukovali,user_1555,finance,facebook,2024-02-17
water ekkuva tagali ani decide ayya,user_7380,health,facebook,2024-04-18
gym ki regular ga velthunna,user_1925,health,instagram,2024-01-12
beach view amazing ga undi,user_8673,travel,instagram,2024-06-06
investment gurinchi nerchukuntunna,user_1618,finance,twitter,2024-04-12
stock market chala volatile ga undi,user_1813,finance,instagram,2024-03-06
team performance bagundi,user_9924,sports,instagram,2024-04-12
cricket match chala exciting ga undi,user_2882,sports,youtube,2024-02-03
budget plan chesukovali,user_5137,finance,linkedin,2024-04-24
team performance bagundi,user_7536,sports,facebook,2024-02-14
friends tho outing plan chesam,user_1500,travel,instagram,2024-02-06
football game super ga aadaru,user_9869,sports,youtube,2024-06-08
team performance bagundi,user_1549,sports,twitter,2024-06-09
morning walk chala refreshing ga undi,user_4900,health,youtube,2024-02-20
OTT lo content chala undi,user_9632,entertainment,instagram,2024-02-04
healthy food tinadam start chesa,user_6577,health,twitter,2024-02-16
beach view amazing ga undi,user_2360,travel,twitter,2024-05-01
comedy show chala funny ga undi,user_4731,entertainment,twitter,2024-02-17
water ekkuva tagali ani decide ayya,user_4987,health,twitter,2024-02-02
comedy show chala funny ga undi,user_3805,entertainment,twitter,2024-05-23
stock market chala volatile ga undi,user_8186,finance,twitter,2024-06-23
healthy food tinadam start chesa,user_9782,health,facebook,2024-01-26
money save cheyadam important,user_2046,finance,instagram,2024-04-30
journey koncham tiring ga undi,user_4846,travel,youtube,2024-05-21
water ekkuva tagali ani decide ayya,user_8785,health,twitter,2024-06-01
songs vinadam relax istundi,user_7086,entertainment,facebook,2024-04-30
journey koncham tiring ga undi,user_9095,travel,twitter,2024-04-13
cricket match chala exciting ga undi,user_5339,sports,twitter,2024-01-16
trip ki vellanu chala enjoy chesa,user_7010,travel,instagram,2024-06-03
new places explore cheyadam ishtam,user_3522,travel,instagram,2024-06-27
water ekkuva tagali ani decide ayya,user_1975,health,linkedin,2024-04-09
expenses control cheyali,user_7607,finance,facebook,2024-05-14
budget plan chesukovali,user_5866,finance,twitter,2024-03-27
budget plan chesukovali,user_8509,finance,facebook,2024-06-05
new movie release kosam wait chesthunna,user_6499,entertainment,twitter,2024-02-22
friends tho outing plan chesam,user_7673,travel,twitter,2024-05-28
expenses control cheyali,user_6404,finance,twitter,2024-03-11
cricket match chala exciting ga undi,user_7859,sports,facebook,2024-01-14
team performance bagundi,user_8427,sports,twitter,2024-04-21
fitness training start chesanu,user_9261,sports,youtube,2024-03-09
fitness training start chesanu,user_2089,sports,linkedin,2024-06-14
diet follow avadam kastam,user_8530,health,youtube,2024-03-27
healthy food tinadam start chesa,user_3673,health,twitter,2024-04-12
healthy food tinadam start chesa,user_8536,health,twitter,2024-06-22
OTT lo content chala undi,user_5302,entertainment,whatsapp,2024-04-21
trip ki vellanu chala enjoy chesa,user_1281,travel,whatsapp,2024-04-29
gym ki regular ga velthunna,user_7047,health,facebook,2024-06-11
gym ki regular ga velthunna,user_4498,health,youtube,2024-04-09
stock market chala volatile ga undi,user_7912,finance,twitter,2024-01-21
budget plan chesukovali,user_6592,finance,youtube,2024-01-02
diet follow avadam kastam,user_9966,health,linkedin,2024-04-08
gym ki regular ga velthunna,user_7663,health,whatsapp,2024-03-18
gym ki regular ga velthunna,user_2521,health,twitter,2024-02-26
investment gurinchi nerchukuntunna,user_1113,finance,instagram,2024-06-15
friends tho outing plan chesam,user_6457,travel,twitter,2024-04-12
songs vinadam relax istundi,user_5330,entertainment,twitter,2024-05-13
new places explore cheyadam ishtam,user_5139,travel,facebook,2024-03-27
comedy show chala funny ga undi,user_8908,entertainment,youtube,2024-05-22
investment gurinchi nerchukuntunna,user_2583,finance,twitter,2024-05-29
healthy food tinadam start chesa,user_2854,health,twitter,2024-02-17
fitness training start chesanu,user_4603,sports,twitter,2024-03-14
gym ki regular ga velthunna,user_8737,health,twitter,2024-04-17
new movie release kosam wait chesthunna,user_8931,entertainment,youtube,2024-06-06
OTT lo content chala undi,user_6650,entertainment,instagram,2024-01-30
money save cheyadam important,user_3414,finance,twitter,2024-02-05
diet follow avadam kastam,user_9000,health,twitter,2024-01-14
match last over lo twist ochindi,user_3971,sports,telegram,2024-03-06
beach view amazing ga undi,user_9099,travel,facebook,2024-06-27
healthy food tinadam start chesa,user_4369,health,facebook,2024-03-18
new places explore cheyadam ishtam,user_1680,travel,instagram,2024-05-16
comedy show chala funny ga undi,user_4034,entertainment,facebook,2024-05-27
friends tho outing plan chesam,user_1202,travel,instagram,2024-04-07
morning walk chala refreshing ga undi,user_8571,health,twitter,2024-04-03
cricket match chala exciting ga undi,user_9588,sports,twitter,2024-02-25
trip ki vellanu chala enjoy chesa,user_1664,travel,instagram,2024-04-05
fitness training start chesanu,user_3737,sports,youtube,2024-03-21
series binge watch chesa,user_7899,entertainment,instagram,2024-04-01
trip ki vellanu chala enjoy chesa,user_8967,travel,youtube,2024-02-06
money save cheyadam important,user_5311,finance,twitter,2024-05-12
trip ki vellanu chala enjoy chesa,user_4087,travel,instagram,2024-01-02
trip ki vellanu chala enjoy chesa,user_8045,travel,facebook,2024-05-05
stock market chala volatile ga undi,user_3883,finance,facebook,2024-05-14
trip ki vellanu chala enjoy chesa,user_9459,travel,twitter,2024-01-03
series binge watch chesa,user_4999,entertainment,youtube,2024-02-26
money save cheyadam important,user_1180,finance,twitter,2024-03-25
cricket match chala exciting ga undi,user_1482,sports,twitter,2024-05-13
diet follow avadam kastam,user_7521,health,whatsapp,2024-04-30
trip ki vellanu chala enjoy chesa,user_3701,travel,facebook,2024-06-13
new movie release kosam wait chesthunna,user_5859,entertainment,instagram,2024-03-03
songs vinadam relax istundi,user_1553,entertainment,twitter,2024-05-19
beach view amazing ga undi,user_3979,travel,instagram,2024-03-16
team performance bagundi,user_6591,sports,twitter,2024-03-30
stock market chala volatile ga undi,user_2268,finance,facebook,2024-03-10
healthy food tinadam start chesa,user_1686,health,facebook,2024-04-11
investment gurinchi nerchukuntunna,user_6929,finance,whatsapp,2024-03-17
fitness training start chesanu,user_4837,sports,twitter,2024-04-05
gym ki regular ga velthunna,user_3164,health,facebook,2024-01-23
beach view amazing ga undi,user_6544,travel,twitter,2024-01-10
football game super ga aadaru,user_2587,sports,telegram,2024-05-27
gym ki regular ga velthunna,user_3639,health,facebook,2024-01-26
friends tho outing plan chesam,user_6775,travel,telegram,2024-04-27
new places explore cheyadam ishtam,user_1998,travel,twitter,2024-02-07
new movie release kosam wait chesthunna,user_9649,entertainment,facebook,2024-01-08
journey koncham tiring ga undi,user_5739,travel,youtube,2024-01-09
match last over lo twist ochindi,user_1413,sports,twitter,2024-01-26
trip ki vellanu chala enjoy chesa,user_7126,travel,twitter,2024-05-16
trip ki vellanu chala enjoy chesa,user_7093,travel,instagram,2024-06-29
match last over lo twist ochindi,user_1601,sports,facebook,2024-01-05
songs vinadam relax istundi,user_9060,entertainment,youtube,2024-01-21
OTT lo content chala undi,user_4689,entertainment,facebook,2024-04-03
new places explore cheyadam ishtam,user_6521,travel,instagram,2024-06-12
team performance bagundi,user_6986,sports,twitter,2024-02-13
football game super ga aadaru,user_5211,sports,youtube,2024-06-23
team performance bagundi,user_3700,sports,whatsapp,2024-02-18
comedy show chala funny ga undi,user_2254,entertainment,telegram,2024-03-14
cricket match chala exciting ga undi,user_4467,sports,twitter,2024-01-03
match last over lo twist ochindi,user_2453,sports,twitter,2024-06-18
trip ki vellanu chala enjoy chesa,user_3180,travel,youtube,2024-03-08
football game super ga aadaru,user_7114,sports,twitter,2024-02-08
gym ki regular ga velthunna,user_5051,health,twitter,2024-01-02
budget plan chesukovali,user_4520,finance,twitter,2024-04-07
new places explore cheyadam ishtam,user_2916,travel,youtube,2024-06-06
healthy food tinadam start chesa,user_7368,health,instagram,2024-02-13
fitness training start chesanu,user_1973,sports,twitter,2024-03-19
friends tho outing plan chesam,user_9644,travel,instagram,2024-02-26
gym ki regular ga velthunna,user_1091,health,facebook,2024-05-28
songs vinadam relax istundi,user_9467,entertainment,youtube,2024-03-10
investment gurinchi nerchukuntunna,user_1829,finance,facebook,2024-03-04
morning walk chala refreshing ga undi,user_7191,health,twitter,2024-06-07
match last over lo twist ochindi,user_1093,sports,instagram,2024-02-13
expenses control cheyali,user_3671,finance,twitter,2024-06-16
new places explore cheyadam ishtam,user_6232,travel,facebook,2024-01-13
gym ki regular ga velthunna,user_4679,health,twitter,2024-02-17
match last over lo twist ochindi,user_9823,sports,instagram,2024-02-06
healthy food tinadam start chesa,user_6019,health,twitter,2024-06-21
songs vinadam relax istundi,user_2114,entertainment,telegram,2024-04-18
new movie release kosam wait chesthunna,user_3264,entertainment,telegram,2024-04-01
team performance bagundi,user_3825,sports,instagram,2024-05-16
money save cheyadam important,user_3308,finance,facebook,2024-06-18
budget plan chesukovali,user_8118,finance,linkedin,2024-01-12
cricket match chala exciting ga undi,user_4782,sports,twitter,2024-04-06
football game super ga aadaru,user_3249,sports,telegram,2024-06-17
new movie release kosam wait chesthunna,user_5383,entertainment,facebook,2024-02-29
morning walk chala refreshing ga undi,user_6209,health,instagram,2024-04-09
trip ki vellanu chala enjoy chesa,user_3289,travel,youtube,2024-03-15
investment gurinchi nerchukuntunna,user_4997,finance,facebook,2024-03-28
songs vinadam relax istundi,user_6148,entertainment,facebook,2024-04-03
football game super ga aadaru,user_2607,sports,twitter,2024-01-29
series binge watch chesa,user_7488,entertainment,linkedin,2024-02-12
match last over lo twist ochindi,user_5547,sports,facebook,2024-05-25
match last over lo twist ochindi,user_2755,sports,facebook,2024-03-07
stock market chala volatile ga undi,user_1191,finance,youtube,2024-06-11
friends tho outing plan chesam,user_4473,travel,instagram,2024-04-21
new places explore cheyadam ishtam,user_8519,travel,twitter,2024-02-26
money save cheyadam important,user_5902,finance,twitter,2024-01-09
new movie release kosam wait chesthunna,user_1291,entertainment,youtube,2024-04-27
beach view amazing ga undi,user_6512,travel,twitter,2024-02-05
beach view amazing ga undi,user_5012,travel,twitter,2024-06-08
water ekkuva tagali ani decide ayya,user_7578,health,facebook,2024-02-17
water ekkuva tagali ani decide ayya,user_1302,health,facebook,2024-05-26
gym ki regular ga velthunna,user_2724,health,facebook,2024-01-20
team performance bagundi,user_2726,sports,twitter,2024-02-01
beach view amazing ga undi,user_5319,travel,linkedin,2024-03-16
new places explore cheyadam ishtam,user_4791,travel,facebook,2024-04-02
journey koncham tiring ga undi,user_3409,travel,twitter,2024-02-04
songs vinadam relax istundi,user_1383,entertainment,instagram,2024-05-05
songs vinadam relax istundi,user_2459,entertainment,telegram,2024-04-05
fitness training start chesanu,user_5177,sports,facebook,2024-02-11
comedy show chala funny ga undi,user_6921,entertainment,twitter,2024-04-20
budget plan chesukovali,user_8188,finance,twitter,2024-01-12
budget plan chesukovali,user_5228,finance,youtube,2024-03-10
team performance bagundi,user_8476,sports,twitter,2024-03-16
gym ki regular ga velthunna,user_8879,health,twitter,2024-02-28
beach view amazing ga undi,user_9698,travel,instagram,2024-06-01
money save cheyadam important,user_2786,finance,instagram,2024-04-22
investment gurinchi nerchukuntunna,user_6352,finance,whatsapp,2024-01-14
expenses control cheyali,user_3403,finance,youtube,2024-05-05
gym ki regular ga velthunna,user_9313,health,instagram,2024-04-21
stock market chala volatile ga undi,user_2192,finance,telegram,2024-01-04
trip ki vellanu chala enjoy chesa,user_1330,travel,linkedin,2024-01-12
OTT lo content chala undi,user_9227,entertainment,telegram,2024-03-15
match last over lo twist ochindi,user_5690,sports,twitter,2024-05-13
cricket match chala exciting ga undi,user_1386,sports,instagram,2024-05-23
OTT lo content chala undi,user_6128,entertainment,youtube,2024-03-25
investment gurinchi nerchukuntunna,user_2254,finance,instagram,2024-06-11
water ekkuva tagali ani decide ayya,user_9318,health,instagram,2024-01-03
friends tho outing plan chesam,user_6191,travel,twitter,2024-04-08
cricket match chala exciting ga undi,user_4532,sports,youtube,2024-03-25
investment gurinchi nerchukuntunna,user_6058,finance,twitter,2024-03-09
expenses control cheyali,user_6181,finance,twitter,2024-06-27
trip ki vellanu chala enjoy chesa,user_9077,travel,facebook,2024-04-10
diet follow avadam kastam,user_2709,health,instagram,2024-06-24
journey koncham tiring ga undi,user_8575,travel,twitter,2024-01-08
match last over lo twist ochindi,user_7224,sports,twitter,2024-06-12
expenses control cheyali,user_6315,finance,instagram,2024-05-22
songs vinadam relax istundi,user_2729,entertainment,instagram,2024-03-24
healthy food tinadam start chesa,user_6199,health,facebook,2024-03-03
new places explore cheyadam ishtam,user_5842,travel,facebook,2024-01-27
money save cheyadam important,user_5153,finance,telegram,2024-02-21
healthy food tinadam start chesa,user_1515,health,facebook,2024-01-19
comedy show chala funny ga undi,user_7465,entertainment,instagram,2024-05-06
morning walk chala refreshing ga undi,user_5162,health,youtube,2024-02-21
healthy food tinadam start chesa,user_2528,health,facebook,2024-06-24
journey koncham tiring ga undi,user_9439,travel,instagram,2024-02-17
comedy show chala funny ga undi,user_5655,entertainment,twitter,2024-04-08
new places explore cheyadam ishtam,user_2399,travel,twitter,2024-05-15
stock market chala volatile ga undi,user_4496,finance,twitter,2024-05-15
comedy show chala funny ga undi,user_7555,entertainment,whatsapp,2024-01-06
stock market chala volatile ga undi,user_9696,finance,youtube,2024-05-16
trip ki vellanu chala enjoy chesa,user_3313,travel,facebook,2024-01-01
friends tho outing plan chesam,user_8272,travel,youtube,2024-06-25
songs vinadam relax istundi,user_7480,entertainment,twitter,2024-01-06
investment gurinchi nerchukuntunna,user_9413,finance,telegram,2024-04-28
OTT lo content chala undi,user_7263,entertainment,instagram,2024-06-03
morning walk chala refreshing ga undi,user_9623,health,twitter,2024-06-26
fitness training start chesanu,user_3709,sports,instagram,2024-03-10
budget plan chesukovali,user_6919,finance,twitter,2024-05-12
comedy show chala funny ga undi,user_8715,entertainment,instagram,2024-06-14
match last over lo twist ochindi,user_1047,sports,telegram,2024-01-15
football game super ga aadaru,user_8291,sports,twitter,2024-04-28
series binge watch chesa,user_5852,entertainment,twitter,2024-04-01
match last over lo twist ochindi,user_4252,sports,instagram,2024-02-29
OTT lo content chala undi,user_1449,entertainment,instagram,2024-05-04
OTT lo content chala undi,user_3942,entertainment,facebook,2024-01-07
expenses control cheyali,user_2564,finance,facebook,2024-04-30
money save cheyadam important,user_2899,finance,instagram,2024-01-06
songs vinadam relax istundi,user_7022,entertainment,instagram,2024-04-12
comedy show chala funny ga undi,user_9495,entertainment,twitter,2024-03-20
new movie release kosam wait chesthunna,user_1863,entertainment,telegram,2024-05-03
football game super ga aadaru,user_6976,sports,instagram,2024-04-20
expenses control cheyali,user_5899,finance,twitter,2024-01-29
stock market chala volatile ga undi,user_6643,finance,linkedin,2024-02-12
budget plan chesukovali,user_5646,finance,twitter,2024-06-04
diet follow avadam kastam,user_2820,health,twitter,2024-05-19
diet follow avadam kastam,user_2025,health,instagram,2024-02-14
football game super ga aadaru,user_2371,sports,facebook,2024-04-05
budget plan chesukovali,user_5381,finance,instagram,2024-01-30
trip ki vellanu chala enjoy chesa,user_6697,travel,twitter,2024-05-09
healthy food tinadam start chesa,user_8710,health,twitter,2024-04-05
new places explore cheyadam ishtam,user_5875,travel,instagram,2024-03-20
trip ki vellanu chala enjoy chesa,user_5509,travel,telegram,2024-05-23
journey koncham tiring ga undi,user_4083,travel,linkedin,2024-01-20
new places explore cheyadam ishtam,user_1629,travel,twitter,2024-04-14
investment gurinchi nerchukuntunna,user_9892,finance,linkedin,2024-01-14
expenses control cheyali,user_1039,finance,facebook,2024-04-02
budget plan chesukovali,user_3250,finance,youtube,2024-03-18
series binge watch chesa,user_1630,entertainment,facebook,2024-03-20
friends tho outing plan chesam,user_5693,travel,twitter,2024-06-24
expenses control cheyali,user_9882,finance,twitter,2024-05-29
expenses control cheyali,user_5262,finance,twitter,2024-02-03
OTT lo content chala undi,user_4376,entertainment,twitter,2024-03-08
healthy food tinadam start chesa,user_4773,health,instagram,2024-01-16
football game super ga aadaru,user_7798,sports,telegram,2024-03-18
football game super ga aadaru,user_3864,sports,instagram,2024-03-29
football game super ga aadaru,user_1464,sports,facebook,2024-03-06
stock market chala volatile ga undi,user_1867,finance,twitter,2024-03-30
gym ki regular ga velthunna,user_6828,health,instagram,2024-02-07
trip ki vellanu chala enjoy chesa,user_9316,travel,twitter,2024-04-29
football game super ga aadaru,user_1453,sports,telegram,2024-02-15
water ekkuva tagali ani decide ayya,user_5969,health,telegram,2024-05-22
series binge watch chesa,user_9698,entertainment,youtube,2024-05-04
gym ki regular ga velthunna,user_1210,health,facebook,2024-03-11
morning walk chala refreshing ga undi,user_3778,health,instagram,2024-05-07
expenses control cheyali,user_4299,finance,twitter,2024-03-26
expenses control cheyali,user_2717,finance,twitter,2024-06-28
water ekkuva tagali ani decide ayya,user_2912,health,telegram,2024-03-09
investment gurinchi nerchukuntunna,user_2140,finance,youtube,2024-01-04
fitness training start chesanu,user_9791,sports,youtube,2024-01-06
expenses control cheyali,user_1135,finance,instagram,2024-03-19
fitness training start chesanu,user_9520,sports,facebook,2024-06-29
healthy food tinadam start chesa,user_5931,health,instagram,2024-05-24
cricket match chala exciting ga undi,user_8781,sports,facebook,2024-05-12
team performance bagundi,user_9851,sports,twitter,2024-03-20
new movie release kosam wait chesthunna,user_3715,entertainment,instagram,2024-06-02
healthy food tinadam start chesa,user_7618,health,linkedin,2024-04-19
journey koncham tiring ga undi,user_2894,travel,twitter,2024-01-20
healthy food tinadam start chesa,user_5933,health,instagram,2024-05-06
match last over lo twist ochindi,user_4655,sports,twitter,2024-04-30
beach view amazing ga undi,user_7723,travel,telegram,2024-02-21
OTT lo content chala undi,user_6606,entertainment,instagram,2024-03-23
cricket match chala exciting ga undi,user_1298,sports,twitter,2024-03-18
football game super ga aadaru,user_2325,sports,linkedin,2024-02-06
team performance bagundi,user_2252,sports,youtube,2024-03-19
water ekkuva tagali ani decide ayya,user_2250,health,facebook,2024-06-04
diet follow avadam kastam,user_2274,health,facebook,2024-04-28
healthy food tinadam start chesa,user_6012,health,whatsapp,2024-03-26
new places explore cheyadam ishtam,user_7040,travel,twitter,2024-03-15
OTT lo content chala undi,user_9895,entertainment,twitter,2024-02-05
comedy show chala funny ga undi,user_3628,entertainment,twitter,2024-04-19
journey koncham tiring ga undi,user_7090,travel,youtube,2024-05-03
diet follow avadam kastam,user_5347,health,instagram,2024-02-10
new places explore cheyadam ishtam,user_4058,travel,telegram,2024-03-14
journey koncham tiring ga undi,user_1600,travel,facebook,2024-06-22
stock market chala volatile ga undi,user_8928,finance,twitter,2024-04-21
series binge watch chesa,user_5415,entertainment,twitter,2024-01-11
expenses control cheyali,user_9119,finance,twitter,2024-06-26
morning walk chala refreshing ga undi,user_2013,health,twitter,2024-05-22
friends tho outing plan chesam,user_5484,travel,twitter,2024-06-28
budget plan chesukovali,user_1235,finance,instagram,2024-06-24
team performance bagundi,user_4379,sports,twitter,2024-04-26
team performance bagundi,user_9656,sports,instagram,2024-06-16
football game super ga aadaru,user_8780,sports,youtube,2024-02-26
songs vinadam relax istundi,user_6936,entertainment,linkedin,2024-02-11
gym ki regular ga velthunna,user_8002,health,instagram,2024-06-07
fitness training start chesanu,user_1861,sports,twitter,2024-03-27
fitness training start chesanu,user_5791,sports,facebook,2024-03-12
new movie release kosam wait chesthunna,user_6202,entertainment,twitter,2024-04-03
match last over lo twist ochindi,user_5196,sports,twitter,2024-04-23
new movie release kosam wait chesthunna,user_2846,entertainment,twitter,2024-06-24
healthy food tinadam start chesa,user_7900,health,instagram,2024-04-27
cricket match chala exciting ga undi,user_6357,sports,twitter,2024-03-09
trip ki vellanu chala enjoy chesa,user_3936,travel,instagram,2024-04-29
match last over lo twist ochindi,user_9260,sports,facebook,2024-03-16
football game super ga aadaru,user_6241,sports,instagram,2024-06-17
fitness training start chesanu,user_6327,sports,facebook,2024-03-27
expenses control cheyali,user_5012,finance,instagram,2024-06-14
water ekkuva tagali ani decide ayya,user_7583,health,instagram,2024-03-14
beach view amazing ga undi,user_4039,travel,facebook,2024-03-04
trip ki vellanu chala enjoy chesa,user_3658,travel,facebook,2024-01-27
stock market chala volatile ga undi,user_3728,finance,instagram,2024-06-12
stock market chala volatile ga undi,user_1912,finance,facebook,2024-01-19
football game super ga aadaru,user_6416,sports,telegram,2024-04-28
match last over lo twist ochindi,user_1216,sports,telegram,2024-01-16
expenses control cheyali,user_6243,finance,telegram,2024-01-24
new movie release kosam wait chesthunna,user_5440,entertainment,twitter,2024-01-05
cricket match chala exciting ga undi,user_7817,sports,whatsapp,2024-05-18
money save cheyadam important,user_3717,finance,facebook,2024-05-10
stock market chala volatile ga undi,user_4339,finance,telegram,2024-01-22
journey koncham tiring ga undi,user_9091,travel,youtube,2024-05-10
match last over lo twist ochindi,user_4271,sports,whatsapp,2024-04-08
OTT lo content chala undi,user_8406,entertainment,twitter,2024-04-25
OTT lo content chala undi,user_1499,entertainment,twitter,2024-01-06
cricket match chala exciting ga undi,user_7454,sports,instagram,2024-03-29
new places explore cheyadam ishtam,user_2071,travel,instagram,2024-05-11
friends tho outing plan chesam,user_2482,travel,instagram,2024-02-09
beach view amazing ga undi,user_6040,travel,youtube,2024-01-08
diet follow avadam kastam,user_8795,health,instagram,2024-03-18
gym ki regular ga velthunna,user_7153,health,twitter,2024-03-05
team performance bagundi,user_5247,sports,twitter,2024-02-13
beach view amazing ga undi,user_8702,travel,facebook,2024-02-06
stock market chala volatile ga undi,user_4788,finance,instagram,2024-01-23
gym ki regular ga velthunna,user_6862,health,youtube,2024-03-13
morning walk chala refreshing ga undi,user_3081,health,twitter,2024-03-24
cricket match chala exciting ga undi,user_9326,sports,instagram,2024-03-03
friends tho outing plan chesam,user_7117,travel,facebook,2024-02-20
new places explore cheyadam ishtam,user_8259,travel,facebook,2024-03-21
morning walk chala refreshing ga undi,user_7669,health,youtube,2024-02-13
expenses control cheyali,user_3801,finance,whatsapp,2024-06-03
morning walk chala refreshing ga undi,user_4925,health,twitter,2024-05-23
investment gurinchi nerchukuntunna,user_5819,finance,facebook,2024-05-22
songs vinadam relax istundi,user_6596,entertainment,twitter,2024-06-30
fitness training start chesanu,user_8669,sports,twitter,2024-05-16
OTT lo content chala undi,user_5520,entertainment,twitter,2024-01-16
match last over lo twist ochindi,user_6179,sports,facebook,2024-01-21
healthy food tinadam start chesa,user_9654,health,facebook,2024-05-18
series binge watch chesa,user_9862,entertainment,twitter,2024-04-07
cricket match chala exciting ga undi,user_6267,sports,twitter,2024-01-18
new movie release kosam wait chesthunna,user_9768,entertainment,whatsapp,2024-05-26
money save cheyadam important,user_5483,finance,twitter,2024-06-29
football game super ga aadaru,user_3415,sports,twitter,2024-03-14
fitness training start chesanu,user_9821,sports,instagram,2024-02-05
healthy food tinadam start chesa,user_4133,health,twitter,2024-03-04
beach view amazing ga undi,user_7155,travel,twitter,2024-04-06
journey koncham tiring ga undi,user_3339,travel,youtube,2024-01-31
trip ki vellanu chala enjoy chesa,user_3399,travel,twitter,2024-05-14
new movie release kosam wait chesthunna,user_2989,entertainment,telegram,2024-06-21
match last over lo twist ochindi,user_1246,sports,youtube,2024-06-06
cricket match chala exciting ga undi,user_1013,sports,instagram,2024-03-28
diet follow avadam kastam,user_4192,health,facebook,2024-03-29
OTT lo content chala undi,user_6175,entertainment,twitter,2024-02-10
match last over lo twist ochindi,user_6287,sports,twitter,2024-03-22
diet follow avadam kastam,user_9356,health,facebook,2024-06-19
new movie release kosam wait chesthunna,user_9262,entertainment,facebook,2024-05-24
gym ki regular ga velthunna,user_5701,health,telegram,2024-05-26
songs vinadam relax istundi,user_4616,entertainment,facebook,2024-03-03
trip ki vellanu chala enjoy chesa,user_4588,travel,facebook,2024-01-13
new places explore cheyadam ishtam,user_8199,travel,instagram,2024-03-26
stock market chala volatile ga undi,user_4798,finance,instagram,2024-06-01
journey koncham tiring ga undi,user_1256,travel,whatsapp,2024-05-21
OTT lo content chala undi,user_5775,entertainment,twitter,2024-04-30
money save cheyadam important,user_8379,finance,twitter,2024-06-05
songs vinadam relax istundi,user_8759,entertainment,instagram,2024-05-06
cricket match chala exciting ga undi,user_2390,sports,facebook,2024-05-21
new movie release kosam wait chesthunna,user_3347,entertainment,instagram,2024-06-28
investment gurinchi nerchukuntunna,user_2423,finance,youtube,2024-02-26
football game super ga aadaru,user_3454,sports,facebook,2024-03-25
series binge watch chesa,user_6053,entertainment,instagram,2024-02-12
gym ki regular ga velthunna,user_1323,health,instagram,2024-06-26
new movie release kosam wait chesthunna,user_9204,entertainment,telegram,2024-03-26
team performance bagundi,user_8557,sports,telegram,2024-01-14
gym ki regular ga velthunna,user_6158,health,twitter,2024-03-08
beach view amazing ga undi,user_3016,travel,instagram,2024-04-06
water ekkuva tagali ani decide ayya,user_5474,health,youtube,2024-02-23
gym ki regular ga velthunna,user_9991,health,twitter,2024-05-18
stock market chala volatile ga undi,user_4842,finance,twitter,2024-05-30
diet follow avadam kastam,user_1965,health,twitter,2024-06-30
cricket match chala exciting ga undi,user_8875,sports,linkedin,2024-04-21
stock market chala volatile ga undi,user_3920,finance,facebook,2024-01-06
healthy food tinadam start chesa,user_8845,health,facebook,2024-05-08
songs vinadam relax istundi,user_8345,entertainment,twitter,2024-05-26
cricket match chala exciting ga undi,user_2589,sports,facebook,2024-01-16
cricket match chala exciting ga undi,user_1422,sports,twitter,2024-02-18
match last over lo twist ochindi,user_8315,sports,twitter,2024-02-29
comedy show chala funny ga undi,user_6318,entertainment,twitter,2024-04-12
beach view amazing ga undi,user_4644,travel,twitter,2024-03-02
beach view amazing ga undi,user_5974,travel,facebook,2024-02-02
investment gurinchi nerchukuntunna,user_2105,finance,instagram,2024-03-30
match last over lo twist ochindi,user_9587,sports,facebook,2024-03-09
new movie release kosam wait chesthunna,user_4154,entertainment,twitter,2024-06-30
match last over lo twist ochindi,user_2337,sports,instagram,2024-06-06
fitness training start chesanu,user_8382,sports,facebook,2024-03-25
investment gurinchi nerchukuntunna,user_8773,finance,twitter,2024-01-17
water ekkuva tagali ani decide ayya,user_5719,health,telegram,2024-03-29
stock market chala volatile ga undi,user_9917,finance,twitter,2024-05-02
cricket match chala exciting ga undi,user_9779,sports,instagram,2024-02-03
new movie release kosam wait chesthunna,user_9071,entertainment,youtube,2024-05-28
cricket match chala exciting ga undi,user_1820,sports,facebook,2024-02-15
OTT lo content chala undi,user_2261,entertainment,facebook,2024-02-18
stock market chala volatile ga undi,user_1311,finance,twitter,2024-01-19
cricket match chala exciting ga undi,user_6071,sports,youtube,2024-01-23
trip ki vellanu chala enjoy chesa,user_3599,travel,instagram,2024-04-27
morning walk chala refreshing ga undi,user_1675,health,twitter,2024-01-28
healthy food tinadam start chesa,user_5587,health,twitter,2024-06-30
water ekkuva tagali ani decide ayya,user_5125,health,youtube,2024-03-21
stock market chala volatile ga undi,user_6525,finance,facebook,2024-02-02
morning walk chala refreshing ga undi,user_4285,health,twitter,2024-06-07
new places explore cheyadam ishtam,user_7579,travel,facebook,2024-04-04
budget plan chesukovali,user_7569,finance,telegram,2024-06-24
OTT lo content chala undi,user_1364,entertainment,facebook,2024-06-01
healthy food tinadam start chesa,user_5514,health,twitter,2024-05-03
trip ki vellanu chala enjoy chesa,user_4386,travel,telegram,2024-01-09
football game super ga aadaru,user_8684,sports,twitter,2024-02-20
journey koncham tiring ga undi,user_6885,travel,telegram,2024-02-21
beach view amazing ga undi,user_6466,travel,twitter,2024-02-02
OTT lo content chala undi,user_8257,entertainment,telegram,2024-06-14
songs vinadam relax istundi,user_9458,entertainment,twitter,2024-04-21
new places explore cheyadam ishtam,user_3298,travel,instagram,2024-02-04
songs vinadam relax istundi,user_8781,entertainment,youtube,2024-02-14
water ekkuva tagali ani decide ayya,user_6169,health,facebook,2024-06-04
match last over lo twist ochindi,user_4234,sports,twitter,2024-01-11
team performance bagundi,user_7334,sports,facebook,2024-02-15
comedy show chala funny ga undi,user_5529,entertainment,facebook,2024-03-14
songs vinadam relax istundi,user_1986,entertainment,instagram,2024-06-23
journey koncham tiring ga undi,user_7050,travel,whatsapp,2024-02-29
new places explore cheyadam ishtam,user_3938,travel,facebook,2024-06-08
water ekkuva tagali ani decide ayya,user_8914,health,instagram,2024-04-01
diet follow avadam kastam,user_1008,health,instagram,2024-03-13
beach view amazing ga undi,user_4057,travel,telegram,2024-01-23
morning walk chala refreshing ga undi,user_3700,health,instagram,2024-01-21
fitness training start chesanu,user_9806,sports,twitter,2024-04-16
morning walk chala refreshing ga undi,user_7884,health,instagram,2024-04-06
healthy food tinadam start chesa,user_9190,health,twitter,2024-05-26
stock market chala volatile ga undi,user_3323,finance,twitter,2024-03-16
cricket match chala exciting ga undi,user_9793,sports,linkedin,2024-03-29
journey koncham tiring ga undi,user_5777,travel,instagram,2024-05-15
match last over lo twist ochindi,user_4302,sports,instagram,2024-04-19
investment gurinchi nerchukuntunna,user_5829,finance,instagram,2024-04-22
journey koncham tiring ga undi,user_6170,travel,instagram,2024-03-04
friends tho outing plan chesam,user_6176,travel,twitter,2024-04-29
morning walk chala refreshing ga undi,user_1428,health,youtube,2024-05-26
trip ki vellanu chala enjoy chesa,user_3892,travel,facebook,2024-06-02
stock market chala volatile ga undi,user_5151,finance,facebook,2024-03-12
series binge watch chesa,user_5549,entertainment,facebook,2024-02-02
diet follow avadam kastam,user_2893,health,facebook,2024-04-09
morning walk chala refreshing ga undi,user_6946,health,facebook,2024-01-12
friends tho outing plan chesam,user_6989,travel,telegram,2024-04-29
beach view amazing ga undi,user_7853,travel,twitter,2024-04-05
journey koncham tiring ga undi,user_3571,travel,instagram,2024-03-18
team performance bagundi,user_9555,sports,instagram,2024-05-28
series binge watch chesa,user_7322,entertainment,whatsapp,2024-02-20
beach view amazing ga undi,user_6303,travel,twitter,2024-03-23
series binge watch chesa,user_1771,entertainment,twitter,2024-02-09
match last over lo twist ochindi,user_2410,sports,instagram,2024-03-14
journey koncham tiring ga undi,user_9476,travel,facebook,2024-01-28
trip ki vellanu chala enjoy chesa,user_4188,travel,twitter,2024-04-14
gym ki regular ga velthunna,user_3356,health,instagram,2024-05-10
new places explore cheyadam ishtam,user_3593,travel,twitter,2024-02-13
new movie release kosam wait chesthunna,user_4180,entertainment,twitter,2024-06-02
fitness training start chesanu,user_5860,sports,facebook,2024-02-06
trip ki vellanu chala enjoy chesa,user_8415,travel,instagram,2024-04-20
money save cheyadam important,user_2529,finance,instagram,2024-01-21
healthy food tinadam start chesa,user_9907,health,instagram,2024-05-19
gym ki regular ga velthunna,user_4675,health,instagram,2024-03-24
songs vinadam relax istundi,user_7232,entertainment,instagram,2024-04-18
diet follow avadam kastam,user_2497,health,facebook,2024-01-07
diet follow avadam kastam,user_4813,health,facebook,2024-05-30
journey koncham tiring ga undi,user_9393,travel,twitter,2024-01-25
journey koncham tiring ga undi,user_5756,travel,instagram,2024-05-28
comedy show chala funny ga undi,user_3320,entertainment,twitter,2024-06-27
stock market chala volatile ga undi,user_6086,finance,instagram,2024-01-09
morning walk chala refreshing ga undi,user_3159,health,facebook,2024-05-05
budget plan chesukovali,user_8276,finance,facebook,2024-05-07
expenses control cheyali,user_3333,finance,youtube,2024-04-23
beach view amazing ga undi,user_6412,travel,facebook,2024-03-17
budget plan chesukovali,user_9980,finance,twitter,2024-01-08
journey koncham tiring ga undi,user_2531,travel,twitter,2024-04-23
stock market chala volatile ga undi,user_2650,finance,instagram,2024-01-30
diet follow avadam kastam,user_8818,health,instagram,2024-04-05
investment gurinchi nerchukuntunna,user_5602,finance,facebook,2024-01-05
fitness training start chesanu,user_8996,sports,instagram,2024-06-29
team performance bagundi,user_7597,sports,facebook,2024-01-11
series binge watch chesa,user_7906,entertainment,instagram,2024-02-06
new places explore cheyadam ishtam,user_9048,travel,telegram,2024-02-18
morning walk chala refreshing ga undi,user_4906,health,facebook,2024-03-05
new movie release kosam wait chesthunna,user_2297,entertainment,facebook,2024-05-02
new movie release kosam wait chesthunna,user_9123,entertainment,facebook,2024-02-16
healthy food tinadam start chesa,user_5516,health,linkedin,2024-02-12
match last over lo twist ochindi,user_9104,sports,twitter,2024-05-28
friends tho outing plan chesam,user_2122,travel,telegram,2024-03-03
match last over lo twist ochindi,user_7802,sports,facebook,2024-02-24
series binge watch chesa,user_7081,entertainment,facebook,2024-01-30
fitness training start chesanu,user_4292,sports,linkedin,2024-04-13
investment gurinchi nerchukuntunna,user_2475,finance,instagram,2024-06-02
stock market chala volatile ga undi,user_8720,finance,instagram,2024-04-11
match last over lo twist ochindi,user_2311,sports,twitter,2024-04-11
fitness training start chesanu,user_3117,sports,twitter,2024-05-04
diet follow avadam kastam,user_9164,health,instagram,2024-01-28
healthy food tinadam start chesa,user_4180,health,facebook,2024-04-28
cricket match chala exciting ga undi,user_7112,sports,facebook,2024-06-20
new places explore cheyadam ishtam,user_4496,travel,instagram,2024-04-27
new movie release kosam wait chesthunna,user_9440,entertainment,instagram,2024-02-25
football game super ga aadaru,user_3481,sports,telegram,2024-02-25
beach view amazing ga undi,user_5003,travel,twitter,2024-03-25
expenses control cheyali,user_4253,finance,twitter,2024-05-06
gym ki regular ga velthunna,user_5224,health,whatsapp,2024-05-20
expenses control cheyali,user_7929,finance,youtube,2024-04-12
team performance bagundi,user_8559,sports,facebook,2024-04-28
new places explore cheyadam ishtam,user_4608,travel,twitter,2024-05-16
football game super ga aadaru,user_2110,sports,twitter,2024-02-29
water ekkuva tagali ani decide ayya,user_2394,health,twitter,2024-04-26
new movie release kosam wait chesthunna,user_6014,entertainment,facebook,2024-04-07
new movie release kosam wait chesthunna,user_8511,entertainment,instagram,2024-06-17
team performance bagundi,user_6343,sports,facebook,2024-05-30
expenses control cheyali,user_5223,finance,instagram,2024-01-19
healthy food tinadam start chesa,user_3487,health,instagram,2024-05-06
expenses control cheyali,user_3699,finance,telegram,2024-01-22
investment gurinchi nerchukuntunna,user_6576,finance,facebook,2024-06-25
trip ki vellanu chala enjoy chesa,user_1109,travel,instagram,2024-05-14
journey koncham tiring ga undi,user_7227,travel,instagram,2024-04-10
beach view amazing ga undi,user_3295,travel,twitter,2024-05-08
new places explore cheyadam ishtam,user_4404,travel,instagram,2024-05-24
new movie release kosam wait chesthunna,user_1783,entertainment,whatsapp,2024-04-22
journey koncham tiring ga undi,user_3055,travel,facebook,2024-03-28
healthy food tinadam start chesa,user_3952,health,twitter,2024-05-22
match last over lo twist ochindi,user_6236,sports,twitter,2024-01-08
stock market chala volatile ga undi,user_4148,finance,telegram,2024-01-11
new movie release kosam wait chesthunna,user_7140,entertainment,instagram,2024-05-12
friends tho outing plan chesam,user_5817,travel,telegram,2024-05-23
fitness training start chesanu,user_1999,sports,instagram,2024-02-23
stock market chala volatile ga undi,user_7058,finance,instagram,2024-04-28
morning walk chala refreshing ga undi,user_3591,health,instagram,2024-03-30
series binge watch chesa,user_9194,entertainment,twitter,2024-06-11
comedy show chala funny ga undi,user_8886,entertainment,twitter,2024-02-28
series binge watch chesa,user_5761,entertainment,instagram,2024-05-09
journey koncham tiring ga undi,user_7362,travel,instagram,2024-01-06
water ekkuva tagali ani decide ayya,user_8407,health,instagram,2024-05-14
trip ki vellanu chala enjoy chesa,user_6115,travel,instagram,2024-06-19
beach view amazing ga undi,user_9555,travel,youtube,2024-04-10
trip ki vellanu chala enjoy chesa,user_7838,travel,twitter,2024-04-11
trip ki vellanu chala enjoy chesa,user_3046,travel,instagram,2024-05-21
OTT lo content chala undi,user_2980,entertainment,twitter,2024-06-09
new places explore cheyadam ishtam,user_1221,travel,telegram,2024-03-07
morning walk chala refreshing ga undi,user_6875,health,instagram,2024-04-11
journey koncham tiring ga undi,user_1229,travel,telegram,2024-01-25
stock market chala volatile ga undi,user_4539,finance,twitter,2024-05-29
budget plan chesukovali,user_5120,finance,instagram,2024-02-27
budget plan chesukovali,user_2241,finance,whatsapp,2024-03-29
healthy food tinadam start chesa,user_1141,health,facebook,2024-05-11
healthy food tinadam start chesa,user_9682,health,twitter,2024-02-20
stock market chala volatile ga undi,user_4733,finance,linkedin,2024-04-30
gym ki regular ga velthunna,user_5425,health,youtube,2024-05-20
morning walk chala refreshing ga undi,user_2004,health,instagram,2024-05-16
comedy show chala funny ga undi,user_9378,entertainment,telegram,2024-01-26
new places explore cheyadam ishtam,user_5232,travel,facebook,2024-04-26
cricket match chala exciting ga undi,user_3595,sports,facebook,2024-02-04
beach view amazing ga undi,user_5672,travel,twitter,2024-03-15
new places explore cheyadam ishtam,user_7014,travel,instagram,2024-01-21
fitness training start chesanu,user_5333,sports,twitter,2024-06-14
diet follow avadam kastam,user_7629,health,instagram,2024-01-06
diet follow avadam kastam,user_4548,health,facebook,2024-02-16
OTT lo content chala undi,user_4321,entertainment,twitter,2024-06-29
football game super ga aadaru,user_6493,sports,twitter,2024-06-18
songs vinadam relax istundi,user_5637,entertainment,instagram,2024-03-25
comedy show chala funny ga undi,user_8085,entertainment,instagram,2024-02-07
morning walk chala refreshing ga undi,user_1281,health,twitter,2024-01-11
series binge watch chesa,user_9839,entertainment,twitter,2024-06-04
expenses control cheyali,user_4106,finance,linkedin,2024-03-28
friends tho outing plan chesam,user_3848,travel,facebook,2024-05-03
stock market chala volatile ga undi,user_4031,finance,telegram,2024-01-02
stock market chala volatile ga undi,user_3360,finance,instagram,2024-06-29
fitness training start chesanu,user_4896,sports,facebook,2024-01-31
beach view amazing ga undi,user_6561,travel,facebook,2024-06-06
comedy show chala funny ga undi,user_6462,entertainment,instagram,2024-01-10
journey koncham tiring ga undi,user_9570,travel,instagram,2024-02-01
gym ki regular ga velthunna,user_9899,health,facebook,2024-05-13
OTT lo content chala undi,user_1163,entertainment,instagram,2024-02-04
morning walk chala refreshing ga undi,user_8902,health,instagram,2024-06-01
football game super ga aadaru,user_7128,sports,instagram,2024-06-19
songs vinadam relax istundi,user_9651,entertainment,youtube,2024-02-13
trip ki vellanu chala enjoy chesa,user_6892,travel,youtube,2024-01-19
water ekkuva tagali ani decide ayya,user_3516,health,instagram,2024-04-21
morning walk chala refreshing ga undi,user_2199,health,twitter,2024-01-08
team performance bagundi,user_5817,sports,telegram,2024-01-21
new places explore cheyadam ishtam,user_9328,travel,telegram,2024-05-24
journey koncham tiring ga undi,user_6264,travel,linkedin,2024-06-20
comedy show chala funny ga undi,user_1070,entertainment,twitter,2024-02-14
gym ki regular ga velthunna,user_7381,health,twitter,2024-06-27
healthy food tinadam start chesa,user_9125,health,instagram,2024-05-31
new movie release kosam wait chesthunna,user_6032,entertainment,youtube,2024-02-28
OTT lo content chala undi,user_2759,entertainment,telegram,2024-04-02
team performance bagundi,user_3370,sports,instagram,2024-04-25
beach view amazing ga undi,user_9615,travel,twitter,2024-02-29
new places explore cheyadam ishtam,user_4536,travel,instagram,2024-01-20
diet follow avadam kastam,user_1965,health,facebook,2024-03-19
diet follow avadam kastam,user_3265,health,telegram,2024-06-28
new movie release kosam wait chesthunna,user_6711,entertainment,instagram,2024-06-28
beach view amazing ga undi,user_4883,travel,youtube,2024-01-17
cricket match chala exciting ga undi,user_9549,sports,twitter,2024-06-19
team performance bagundi,user_8004,sports,twitter,2024-03-30
trip ki vellanu chala enjoy chesa,user_4142,travel,facebook,2024-06-29
football game super ga aadaru,user_7293,sports,telegram,2024-02-11
gym ki regular ga velthunna,user_1670,health,telegram,2024-02-08
football game super ga aadaru,user_3883,sports,youtube,2024-06-09
team performance bagundi,user_7902,sports,whatsapp,2024-04-11
money save cheyadam important,user_9377,finance,instagram,2024-03-05
fitness training start chesanu,user_6736,sports,twitter,2024-06-18
diet follow avadam kastam,user_4086,health,instagram,2024-04-24
match last over lo twist ochindi,user_5893,sports,youtube,2024-01-29
diet follow avadam kastam,user_8941,health,facebook,2024-04-22
new movie release kosam wait chesthunna,user_4301,entertainment,twitter,2024-01-03
journey koncham tiring ga undi,user_8219,travel,youtube,2024-06-02
trip ki vellanu chala enjoy chesa,user_6927,travel,twitter,2024-03-24
gym ki regular ga velthunna,user_8729,health,telegram,2024-01-24
songs vinadam relax istundi,user_7119,entertainment,instagram,2024-06-07
new movie release kosam wait chesthunna,user_6306,entertainment,twitter,2024-06-25
team performance bagundi,user_4270,sports,twitter,2024-04-19
journey koncham tiring ga undi,user_6605,travel,facebook,2024-01-26
football game super ga aadaru,user_5027,sports,twitter,2024-04-19
stock market chala volatile ga undi,user_8926,finance,twitter,2024-06-13
comedy show chala funny ga undi,user_4637,entertainment,twitter,2024-06-11
investment gurinchi nerchukuntunna,user_6759,finance,facebook,2024-05-16
trip ki vellanu chala enjoy chesa,user_4488,travel,youtube,2024-04-24
diet follow avadam kastam,user_1965,health,instagram,2024-05-28
beach view amazing ga undi,user_7824,travel,instagram,2024-02-07
expenses control cheyali,user_5850,finance,instagram,2024-05-26
team performance bagundi,user_4919,sports,facebook,2024-03-07
series binge watch chesa,user_3680,entertainment,facebook,2024-03-20
new places explore cheyadam ishtam,user_7208,travel,youtube,2024-03-01
friends tho outing plan chesam,user_9844,travel,instagram,2024-04-30
new movie release kosam wait chesthunna,user_8764,entertainment,twitter,2024-04-16
cricket match chala exciting ga undi,user_9522,sports,twitter,2024-06-28
stock market chala volatile ga undi,user_6002,finance,facebook,2024-01-11
comedy show chala funny ga undi,user_6463,entertainment,telegram,2024-03-07
investment gurinchi nerchukuntunna,user_7198,finance,twitter,2024-05-19
gym ki regular ga velthunna,user_1786,health,linkedin,2024-04-01
series binge watch chesa,user_5996,entertainment,twitter,2024-03-26
new movie release kosam wait chesthunna,user_4601,entertainment,telegram,2024-03-02
money save cheyadam important,user_4623,finance,twitter,2024-03-22
trip ki vellanu chala enjoy chesa,user_1638,travel,instagram,2024-02-29
morning walk chala refreshing ga undi,user_5490,health,linkedin,2024-03-07
series binge watch chesa,user_3411,entertainment,youtube,2024-06-22
new places explore cheyadam ishtam,user_8255,travel,facebook,2024-03-19
stock market chala volatile ga undi,user_2039,finance,facebook,2024-05-04
new places explore cheyadam ishtam,user_6891,travel,twitter,2024-03-18
stock market chala volatile ga undi,user_2930,finance,facebook,2024-04-01
trip ki vellanu chala enjoy chesa,user_1029,travel,instagram,2024-03-22
songs vinadam relax istundi,user_4345,entertainment,linkedin,2024-02-03
fitness training start chesanu,user_9155,sports,twitter,2024-02-03
budget plan chesukovali,user_6308,finance,twitter,2024-01-06
gym ki regular ga velthunna,user_4008,health,telegram,2024-03-07
gym ki regular ga velthunna,user_8779,health,instagram,2024-01-18
expenses control cheyali,user_2806,finance,instagram,2024-03-28
new movie release kosam wait chesthunna,user_2513,entertainment,telegram,2024-04-21
diet follow avadam kastam,user_3274,health,twitter,2024-03-09
water ekkuva tagali ani decide ayya,user_2461,health,twitter,2024-04-30
journey koncham tiring ga undi,user_1313,travel,twitter,2024-03-01
budget plan chesukovali,user_9675,finance,twitter,2024-01-08
diet follow avadam kastam,user_2546,health,youtube,2024-06-18
series binge watch chesa,user_3747,entertainment,twitter,2024-02-01
budget plan chesukovali,user_1115,finance,instagram,2024-04-11
cricket match chala exciting ga undi,user_1892,sports,instagram,2024-03-21
gym ki regular ga velthunna,user_9658,health,twitter,2024-03-16
new places explore cheyadam ishtam,user_2057,travel,instagram,2024-05-12
stock market chala volatile ga undi,user_5448,finance,telegram,2024-06-17
stock market chala volatile ga undi,user_6923,finance,telegram,2024-03-16
new places explore cheyadam ishtam,user_7389,travel,twitter,2024-05-04
investment gurinchi nerchukuntunna,user_1884,finance,twitter,2024-03-02
beach view amazing ga undi,user_1861,travel,facebook,2024-05-09
OTT lo content chala undi,user_6228,entertainment,twitter,2024-01-12
healthy food tinadam start chesa,user_6355,health,twitter,2024-05-18
healthy food tinadam start chesa,user_1452,health,facebook,2024-01-19
comedy show chala funny ga undi,user_9279,entertainment,instagram,2024-06-28
gym ki regular ga velthunna,user_1394,health,twitter,2024-04-06
new movie release kosam wait chesthunna,user_9944,entertainment,instagram,2024-02-29
investment gurinchi nerchukuntunna,user_8812,finance,twitter,2024-01-20
beach view amazing ga undi,user_2478,travel,youtube,2024-03-17
beach view amazing ga undi,user_4635,travel,twitter,2024-02-08
healthy food tinadam start chesa,user_9941,health,telegram,2024-01-09
series binge watch chesa,user_2209,entertainment,whatsapp,2024-02-21
team performance bagundi,user_9747,sports,facebook,2024-03-10
trip ki vellanu chala enjoy chesa,user_9544,travel,instagram,2024-02-03
diet follow avadam kastam,user_8043,health,instagram,2024-04-11
journey koncham tiring ga undi,user_5924,travel,youtube,2024-01-22
investment gurinchi nerchukuntunna,user_8767,finance,twitter,2024-03-20
investment gurinchi nerchukuntunna,user_7321,finance,youtube,2024-04-23
diet follow avadam kastam,user_9325,health,telegram,2024-01-30
journey koncham tiring ga undi,user_1663,travel,facebook,2024-05-27
journey koncham tiring ga undi,user_3296,travel,twitter,2024-04-15
water ekkuva tagali ani decide ayya,user_5219,health,facebook,2024-05-31
series binge watch chesa,user_3093,entertainment,instagram,2024-01-01
fitness training start chesanu,user_1323,sports,twitter,2024-03-10
journey koncham tiring ga undi,user_8505,travel,youtube,2024-01-20
match last over lo twist ochindi,user_8362,sports,twitter,2024-03-13
friends tho outing plan chesam,user_7605,travel,instagram,2024-04-19
water ekkuva tagali ani decide ayya,user_9291,health,facebook,2024-01-23
friends tho outing plan chesam,user_8617,travel,twitter,2024-03-30
trip ki vellanu chala enjoy chesa,user_4283,travel,whatsapp,2024-01-08
match last over lo twist ochindi,user_3901,sports,instagram,2024-02-22
gym ki regular ga velthunna,user_1258,health,twitter,2024-03-13
investment gurinchi nerchukuntunna,user_4685,finance,telegram,2024-03-02
team performance bagundi,user_1488,sports,twitter,2024-02-13
stock market chala volatile ga undi,user_2690,finance,instagram,2024-06-22
stock market chala volatile ga undi,user_1027,finance,twitter,2024-03-15
fitness training start chesanu,user_9491,sports,facebook,2024-01-07
gym ki regular ga velthunna,user_8429,health,telegram,2024-06-09
journey koncham tiring ga undi,user_5949,travel,twitter,2024-01-02
friends tho outing plan chesam,user_2712,travel,youtube,2024-06-30
fitness training start chesanu,user_5438,sports,instagram,2024-05-25
fitness training start chesanu,user_4073,sports,twitter,2024-01-03
water ekkuva tagali ani decide ayya,user_8421,health,instagram,2024-06-18
budget plan chesukovali,user_4935,finance,instagram,2024-01-13
new places explore cheyadam ishtam,user_8205,travel,instagram,2024-02-04
healthy food tinadam start chesa,user_8045,health,instagram,2024-02-29
gym ki regular ga velthunna,user_4109,health,twitter,2024-02-29
fitness training start chesanu,user_9558,sports,instagram,2024-05-28
expenses control cheyali,user_4879,finance,instagram,2024-04-28
match last over lo twist ochindi,user_1210,sports,twitter,2024-05-03
budget plan chesukovali,user_5797,finance,twitter,2024-04-21
songs vinadam relax istundi,user_4562,entertainment,twitter,2024-06-06
series binge watch chesa,user_2599,entertainment,twitter,2024-03-22
investment gurinchi nerchukuntunna,user_6210,finance,facebook,2024-04-11
morning walk chala refreshing ga undi,user_5330,health,facebook,2024-04-30
stock market chala volatile ga undi,user_9167,finance,instagram,2024-02-21
songs vinadam relax istundi,user_7896,entertainment,twitter,2024-03-30
investment gurinchi nerchukuntunna,user_5760,finance,twitter,2024-05-03
diet follow avadam kastam,user_3454,health,twitter,2024-04-14
trip ki vellanu chala enjoy chesa,user_7122,travel,instagram,2024-06-28
money save cheyadam important,user_3494,finance,instagram,2024-03-11
healthy food tinadam start chesa,user_1598,health,facebook,2024-03-07
expenses control cheyali,user_9651,finance,facebook,2024-03-24
expenses control cheyali,user_2281,finance,twitter,2024-06-03
expenses control cheyali,user_6085,finance,telegram,2024-05-11
football game super ga aadaru,user_5385,sports,instagram,2024-04-17
morning walk chala refreshing ga undi,user_7719,health,twitter,2024-05-20
money save cheyadam important,user_8018,finance,twitter,2024-05-15
healthy food tinadam start chesa,user_9504,health,facebook,2024-04-14
comedy show chala funny ga undi,user_4583,entertainment,instagram,2024-01-12
OTT lo content chala undi,user_8172,entertainment,telegram,2024-03-29
gym ki regular ga velthunna,user_3117,health,twitter,2024-05-16
new movie release kosam wait chesthunna,user_7946,entertainment,facebook,2024-01-12
healthy food tinadam start chesa,user_2496,health,instagram,2024-01-31
morning walk chala refreshing ga undi,user_7021,health,facebook,2024-02-29
expenses control cheyali,user_7747,finance,twitter,2024-01-29
new movie release kosam wait chesthunna,user_1790,entertainment,instagram,2024-02-08
stock market chala volatile ga undi,user_7850,finance,whatsapp,2024-04-21
money save cheyadam important,user_2320,finance,facebook,2024-06-13
friends tho outing plan chesam,user_6008,travel,twitter,2024-06-19
fitness training start chesanu,user_2671,sports,twitter,2024-02-24
cricket match chala exciting ga undi,user_8550,sports,instagram,2024-01-02
team performance bagundi,user_6022,sports,instagram,2024-04-08
football game super ga aadaru,user_2722,sports,youtube,2024-04-18
football game super ga aadaru,user_8983,sports,telegram,2024-05-12
cricket match chala exciting ga undi,user_3505,sports,twitter,2024-04-17
morning walk chala refreshing ga undi,user_4612,health,twitter,2024-01-02
trip ki vellanu chala enjoy chesa,user_7877,travel,telegram,2024-06-28
cricket match chala exciting ga undi,user_3135,sports,facebook,2024-02-05
gym ki regular ga velthunna,user_4750,health,instagram,2024-03-13
morning walk chala refreshing ga undi,user_2736,health,facebook,2024-02-18
investment gurinchi nerchukuntunna,user_8006,finance,twitter,2024-04-15
investment gurinchi nerchukuntunna,user_9741,finance,twitter,2024-01-09
fitness training start chesanu,user_6441,sports,facebook,2024-05-10
money save cheyadam important,user_9675,finance,facebook,2024-02-13
new movie release kosam wait chesthunna,user_5001,entertainment,instagram,2024-04-01
water ekkuva tagali ani decide ayya,user_2043,health,facebook,2024-04-10
expenses control cheyali,user_3968,finance,twitter,2024-04-27
journey koncham tiring ga undi,user_3873,travel,linkedin,2024-05-31
football game super ga aadaru,user_1838,sports,twitter,2024-01-04
new movie release kosam wait chesthunna,user_2772,entertainment,telegram,2024-03-17
football game super ga aadaru,user_3873,sports,facebook,2024-05-08
new movie release kosam wait chesthunna,user_3224,entertainment,youtube,2024-06-21
investment gurinchi nerchukuntunna,user_4209,finance,youtube,2024-03-30
friends tho outing plan chesam,user_1506,travel,youtube,2024-05-21
journey koncham tiring ga undi,user_3236,travel,facebook,2024-06-21
fitness training start chesanu,user_9698,sports,telegram,2024-05-14
comedy show chala funny ga undi,user_2094,entertainment,linkedin,2024-03-27
trip ki vellanu chala enjoy chesa,user_9342,travel,telegram,2024-01-04
songs vinadam relax istundi,user_5359,entertainment,instagram,2024-03-22
trip ki vellanu chala enjoy chesa,user_3512,travel,youtube,2024-04-04
friends tho outing plan chesam,user_2689,travel,youtube,2024-03-11
healthy food tinadam start chesa,user_4199,health,instagram,2024-03-19
investment gurinchi nerchukuntunna,user_3537,finance,facebook,2024-06-11
journey koncham tiring ga undi,user_9321,travel,youtube,2024-02-18
budget plan chesukovali,user_5469,finance,facebook,2024-06-30
healthy food tinadam start chesa,user_8344,health,instagram,2024-02-23
trip ki vellanu chala enjoy chesa,user_4085,travel,youtube,2024-03-07
match last over lo twist ochindi,user_4609,sports,whatsapp,2024-04-22
football game super ga aadaru,user_4354,sports,linkedin,2024-01-18
OTT lo content chala undi,user_9427,entertainment,instagram,2024-01-03
series binge watch chesa,user_2769,entertainment,twitter,2024-01-28
morning walk chala refreshing ga undi,user_3281,health,twitter,2024-02-12
investment gurinchi nerchukuntunna,user_9201,finance,twitter,2024-06-04
healthy food tinadam start chesa,user_8702,health,twitter,2024-03-03
trip ki vellanu chala enjoy chesa,user_6257,travel,twitter,2024-04-17
team performance bagundi,user_7248,sports,instagram,2024-05-02
diet follow avadam kastam,user_9859,health,twitter,2024-02-01
gym ki regular ga velthunna,user_2259,health,youtube,2024-04-08
money save cheyadam important,user_2688,finance,whatsapp,2024-02-29
new movie release kosam wait chesthunna,user_4874,entertainment,facebook,2024-06-16
team performance bagundi,user_7324,sports,instagram,2024-04-03
investment gurinchi nerchukuntunna,user_4249,finance,instagram,2024-06-27
trip ki vellanu chala enjoy chesa,user_6165,travel,twitter,2024-04-01
new movie release kosam wait chesthunna,user_9993,entertainment,youtube,2024-05-16
stock market chala volatile ga undi,user_3789,finance,facebook,2024-03-22
diet follow avadam kastam,user_6607,health,twitter,2024-05-21
fitness training start chesanu,user_4519,sports,twitter,2024-04-03
new places explore cheyadam ishtam,user_6290,travel,twitter,2024-03-28
cricket match chala exciting ga undi,user_1697,sports,linkedin,2024-02-23
money save cheyadam important,user_9967,finance,twitter,2024-05-16
match last over lo twist ochindi,user_4309,sports,twitter,2024-04-16
team performance bagundi,user_7493,sports,telegram,2024-06-27
morning walk chala refreshing ga undi,user_5470,health,twitter,2024-02-25
team performance bagundi,user_7044,sports,instagram,2024-04-18
team performance bagundi,user_8563,sports,whatsapp,2024-06-25
journey koncham tiring ga undi,user_4025,travel,instagram,2024-06-26
cricket match chala exciting ga undi,user_3765,sports,telegram,2024-06-09
investment gurinchi nerchukuntunna,user_3564,finance,facebook,2024-04-13
diet follow avadam kastam,user_7075,health,telegram,2024-03-11
beach view amazing ga undi,user_5703,travel,twitter,2024-04-14
cricket match chala exciting ga undi,user_5862,sports,twitter,2024-06-16
water ekkuva tagali ani decide ayya,user_4764,health,instagram,2024-01-23
new places explore cheyadam ishtam,user_6539,travel,instagram,2024-06-28
cricket match chala exciting ga undi,user_3051,sports,facebook,2024-03-24
money save cheyadam important,user_4953,finance,instagram,2024-01-02
budget plan chesukovali,user_4285,finance,facebook,2024-06-06
match last over lo twist ochindi,user_4198,sports,twitter,2024-01-06
journey koncham tiring ga undi,user_1256,travel,facebook,2024-03-10
new places explore cheyadam ishtam,user_1092,travel,twitter,2024-06-27
morning walk chala refreshing ga undi,user_5938,health,youtube,2024-04-10
team performance bagundi,user_4022,sports,twitter,2024-05-28
expenses control cheyali,user_5290,finance,youtube,2024-01-06
investment gurinchi nerchukuntunna,user_4040,finance,youtube,2024-04-02
healthy food tinadam start chesa,user_4282,health,twitter,2024-01-13
money save cheyadam important,user_5253,finance,whatsapp,2024-01-01
morning walk chala refreshing ga undi,user_2453,health,instagram,2024-02-21
budget plan chesukovali,user_7886,finance,instagram,2024-05-12
morning walk chala refreshing ga undi,user_8471,health,instagram,2024-06-27
healthy food tinadam start chesa,user_8900,health,twitter,2024-02-04
fitness training start chesanu,user_2700,sports,instagram,2024-04-25
diet follow avadam kastam,user_6004,health,twitter,2024-02-13
new movie release kosam wait chesthunna,user_1706,entertainment,twitter,2024-01-26
trip ki vellanu chala enjoy chesa,user_3424,travel,twitter,2024-04-17
journey koncham tiring ga undi,user_2793,travel,twitter,2024-04-21
water ekkuva tagali ani decide ayya,user_2719,health,twitter,2024-04-11
beach view amazing ga undi,user_5326,travel,facebook,2024-03-28
expenses control cheyali,user_2211,finance,instagram,2024-03-28
investment gurinchi nerchukuntunna,user_4178,finance,facebook,2024-03-04
series binge watch chesa,user_3577,entertainment,instagram,2024-02-09
healthy food tinadam start chesa,user_7014,health,linkedin,2024-06-02
football game super ga aadaru,user_3460,sports,youtube,2024-06-18
journey koncham tiring ga undi,user_2269,travel,twitter,2024-01-10
OTT lo content chala undi,user_8032,entertainment,youtube,2024-05-14
money save cheyadam important,user_4504,finance,facebook,2024-01-21
beach view amazing ga undi,user_4093,travel,facebook,2024-04-15
healthy food tinadam start chesa,user_3969,health,instagram,2024-01-15
series binge watch chesa,user_2341,entertainment,facebook,2024-01-27
healthy food tinadam start chesa,user_2057,health,youtube,2024-03-13
new places explore cheyadam ishtam,user_5519,travel,instagram,2024-04-07
expenses control cheyali,user_7906,finance,facebook,2024-04-29
team performance bagundi,user_4230,sports,twitter,2024-03-19
fitness training start chesanu,user_9409,sports,twitter,2024-02-22
new places explore cheyadam ishtam,user_1493,travel,twitter,2024-02-09
money save cheyadam important,user_9373,finance,instagram,2024-03-26
stock market chala volatile ga undi,user_6973,finance,twitter,2024-02-05
songs vinadam relax istundi,user_6629,entertainment,linkedin,2024-02-28
fitness training start chesanu,user_6764,sports,twitter,2024-01-04
beach view amazing ga undi,user_8778,travel,facebook,2024-06-07
gym ki regular ga velthunna,user_2998,health,instagram,2024-01-06
cricket match chala exciting ga undi,user_5504,sports,twitter,2024-01-15
journey koncham tiring ga undi,user_9018,travel,facebook,2024-06-19
beach view amazing ga undi,user_1246,travel,instagram,2024-04-11
water ekkuva tagali ani decide ayya,user_9720,health,youtube,2024-04-27
team performance bagundi,user_2024,sports,twitter,2024-03-18
water ekkuva tagali ani decide ayya,user_4866,health,twitter,2024-01-23
morning walk chala refreshing ga undi,user_5602,health,instagram,2024-04-21
morning walk chala refreshing ga undi,user_6889,health,twitter,2024-03-03
gym ki regular ga velthunna,user_7642,health,facebook,2024-04-25
trip ki vellanu chala enjoy chesa,user_1005,travel,facebook,2024-04-09
new places explore cheyadam ishtam,user_1919,travel,whatsapp,2024-05-26
football game super ga aadaru,user_9859,sports,telegram,2024-02-07
money save cheyadam important,user_9579,finance,facebook,2024-02-07
new movie release kosam wait chesthunna,user_8777,entertainment,linkedin,2024-01-14
stock market chala volatile ga undi,user_9162,finance,youtube,2024-01-12
fitness training start chesanu,user_9786,sports,youtube,2024-01-19
match last over lo twist ochindi,user_7988,sports,facebook,2024-05-25
new places explore cheyadam ishtam,user_8167,travel,whatsapp,2024-03-14
songs vinadam relax istundi,user_6037,entertainment,facebook,2024-02-25
journey koncham tiring ga undi,user_8663,travel,youtube,2024-01-27
songs vinadam relax istundi,user_6860,entertainment,twitter,2024-03-29
team performance bagundi,user_9559,sports,instagram,2024-06-13
beach view amazing ga undi,user_9144,travel,facebook,2024-05-21
stock market chala volatile ga undi,user_2027,finance,twitter,2024-02-25
stock market chala volatile ga undi,user_7868,finance,youtube,2024-05-20
football game super ga aadaru,user_4365,sports,instagram,2024-03-10
team performance bagundi,user_4764,sports,twitter,2024-06-14
investment gurinchi nerchukuntunna,user_7986,finance,facebook,2024-02-14
investment gurinchi nerchukuntunna,user_6213,finance,telegram,2024-05-19
morning walk chala refreshing ga undi,user_3967,health,whatsapp,2024-03-28
healthy food tinadam start chesa,user_9019,health,twitter,2024-05-14
fitness training start chesanu,user_1570,sports,instagram,2024-01-23
new places explore cheyadam ishtam,user_3612,travel,facebook,2024-02-08
series binge watch chesa,user_4536,entertainment,telegram,2024-03-28
diet follow avadam kastam,user_6171,health,youtube,2024-01-30
new places explore cheyadam ishtam,user_6263,travel,instagram,2024-02-18
journey koncham tiring ga undi,user_2857,travel,instagram,2024-05-25
expenses control cheyali,user_9812,finance,instagram,2024-06-26
team performance bagundi,user_7697,sports,youtube,2024-04-02
investment gurinchi nerchukuntunna,user_8566,finance,instagram,2024-06-15
series binge watch chesa,user_7045,entertainment,twitter,2024-01-25
budget plan chesukovali,user_3077,finance,instagram,2024-02-18
new movie release kosam wait chesthunna,user_7479,entertainment,linkedin,2024-01-08
expenses control cheyali,user_8207,finance,twitter,2024-06-22
gym ki regular ga velthunna,user_8452,health,youtube,2024-02-12
journey koncham tiring ga undi,user_4879,travel,facebook,2024-05-29
investment gurinchi nerchukuntunna,user_5550,finance,linkedin,2024-06-15
beach view amazing ga undi,user_7292,travel,instagram,2024-01-14
team performance bagundi,user_3483,sports,facebook,2024-04-07
new movie release kosam wait chesthunna,user_4299,entertainment,instagram,2024-03-14
healthy food tinadam start chesa,user_3325,health,instagram,2024-04-28
healthy food tinadam start chesa,user_2306,health,instagram,2024-05-10
series binge watch chesa,user_4675,entertainment,twitter,2024-01-09
expenses control cheyali,user_8824,finance,twitter,2024-04-11
diet follow avadam kastam,user_9294,health,twitter,2024-03-08
football game super ga aadaru,user_3685,sports,telegram,2024-01-20
friends tho outing plan chesam,user_7345,travel,facebook,2024-01-05
expenses control cheyali,user_7967,finance,telegram,2024-01-02
match last over lo twist ochindi,user_9497,sports,twitter,2024-05-25
fitness training start chesanu,user_3925,sports,linkedin,2024-05-29
gym ki regular ga velthunna,user_8866,health,twitter,2024-04-21
new places explore cheyadam ishtam,user_5045,travel,instagram,2024-03-23
fitness training start chesanu,user_6683,sports,youtube,2024-04-28
new movie release kosam wait chesthunna,user_1721,entertainment,youtube,2024-06-19
football game super ga aadaru,user_6041,sports,youtube,2024-03-28
beach view amazing ga undi,user_9463,travel,whatsapp,2024-06-13
series binge watch chesa,user_4464,entertainment,twitter,2024-01-04
comedy show chala funny ga undi,user_9663,entertainment,youtube,2024-05-27
songs vinadam relax istundi,user_3297,entertainment,facebook,2024-03-12
trip ki vellanu chala enjoy chesa,user_1610,travel,twitter,2024-02-19
OTT lo content chala undi,user_6655,entertainment,linkedin,2024-05-04
gym ki regular ga velthunna,user_7788,health,linkedin,2024-04-27
trip ki vellanu chala enjoy chesa,user_7521,travel,youtube,2024-05-12
new places explore cheyadam ishtam,user_7309,travel,twitter,2024-06-08
beach view amazing ga undi,user_1480,travel,youtube,2024-02-16
journey koncham tiring ga undi,user_2306,travel,twitter,2024-03-27
football game super ga aadaru,user_2848,sports,instagram,2024-02-20
football game super ga aadaru,user_5909,sports,telegram,2024-05-24
fitness training start chesanu,user_9569,sports,twitter,2024-03-10
cricket match chala exciting ga undi,user_6613,sports,whatsapp,2024-02-28
football game super ga aadaru,user_2244,sports,linkedin,2024-01-05
morning walk chala refreshing ga undi,user_5016,health,telegram,2024-06-09
budget plan chesukovali,user_8666,finance,twitter,2024-02-06
investment gurinchi nerchukuntunna,user_6667,finance,instagram,2024-05-04
budget plan chesukovali,user_9377,finance,twitter,2024-05-07
trip ki vellanu chala enjoy chesa,user_9472,travel,youtube,2024-01-01
new movie release kosam wait chesthunna,user_2156,entertainment,twitter,2024-04-08
beach view amazing ga undi,user_1241,travel,instagram,2024-05-16
fitness training start chesanu,user_7000,sports,facebook,2024-04-05
new places explore cheyadam ishtam,user_8296,travel,telegram,2024-01-02
stock market chala volatile ga undi,user_5026,finance,twitter,2024-01-01
football game super ga aadaru,user_7598,sports,twitter,2024-02-12
fitness training start chesanu,user_9446,sports,instagram,2024-03-08
new places explore cheyadam ishtam,user_8158,travel,telegram,2024-05-08
trip ki vellanu chala enjoy chesa,user_7147,travel,facebook,2024-06-28
journey koncham tiring ga undi,user_9454,travel,facebook,2024-01-09
songs vinadam relax istundi,user_2315,entertainment,telegram,2024-03-27
fitness training start chesanu,user_7209,sports,twitter,2024-06-14
journey koncham tiring ga undi,user_6483,travel,twitter,2024-01-21
healthy food tinadam start chesa,user_3032,health,telegram,2024-06-11
journey koncham tiring ga undi,user_7002,travel,facebook,2024-06-17
team performance bagundi,user_5251,sports,facebook,2024-06-15
fitness training start chesanu,user_6227,sports,instagram,2024-02-05
new movie release kosam wait chesthunna,user_4691,entertainment,twitter,2024-05-31
investment gurinchi nerchukuntunna,user_7822,finance,youtube,2024-01-19
morning walk chala refreshing ga undi,user_9849,health,linkedin,2024-02-27
football game super ga aadaru,user_1350,sports,facebook,2024-03-10
OTT lo content chala undi,user_8715,entertainment,twitter,2024-02-07
team performance bagundi,user_9109,sports,twitter,2024-05-23
songs vinadam relax istundi,user_4520,entertainment,twitter,2024-04-19
friends tho outing plan chesam,user_6397,travel,facebook,2024-05-17
match last over lo twist ochindi,user_7424,sports,youtube,2024-04-21
cricket match chala exciting ga undi,user_3037,sports,twitter,2024-03-02
cricket match chala exciting ga undi,user_7898,sports,facebook,2024-03-31
water ekkuva tagali ani decide ayya,user_1134,health,youtube,2024-05-09
money save cheyadam important,user_7896,finance,instagram,2024-03-08
journey koncham tiring ga undi,user_9681,travel,twitter,2024-04-19
expenses control cheyali,user_5036,finance,facebook,2024-06-06
investment gurinchi nerchukuntunna,user_5134,finance,twitter,2024-04-09
match last over lo twist ochindi,user_1040,sports,youtube,2024-04-28
gym ki regular ga velthunna,user_2995,health,youtube,2024-01-02
trip ki vellanu chala enjoy chesa,user_4216,travel,facebook,2024-04-11
cricket match chala exciting ga undi,user_4304,sports,instagram,2024-04-16
beach view amazing ga undi,user_7744,travel,instagram,2024-03-26
gym ki regular ga velthunna,user_2132,health,youtube,2024-06-23
beach view amazing ga undi,user_4707,travel,linkedin,2024-02-12
healthy food tinadam start chesa,user_8326,health,facebook,2024-02-29
expenses control cheyali,user_1157,finance,facebook,2024-03-25
investment gurinchi nerchukuntunna,user_8867,finance,facebook,2024-04-04
fitness training start chesanu,user_9675,sports,facebook,2024-01-16
new places explore cheyadam ishtam,user_5736,travel,twitter,2024-04-02
comedy show chala funny ga undi,user_1921,entertainment,linkedin,2024-05-02
expenses control cheyali,user_6097,finance,instagram,2024-03-22
songs vinadam relax istundi,user_6159,entertainment,twitter,2024-01-04
new movie release kosam wait chesthunna,user_8819,entertainment,youtube,2024-05-21
OTT lo content chala undi,user_4072,entertainment,youtube,2024-04-24
team performance bagundi,user_4000,sports,instagram,2024-03-21
expenses control cheyali,user_2650,finance,instagram,2024-04-21
healthy food tinadam start chesa,user_8404,health,instagram,2024-01-06
friends tho outing plan chesam,user_2042,travel,linkedin,2024-05-01
team performance bagundi,user_9440,sports,facebook,2024-01-02
gym ki regular ga velthunna,user_1355,health,twitter,2024-04-10
new places explore cheyadam ishtam,user_5520,travel,instagram,2024-03-04
cricket match chala exciting ga undi,user_3697,sports,instagram,2024-05-01
investment gurinchi nerchukuntunna,user_2516,finance,twitter,2024-01-12
money save cheyadam important,user_4402,finance,instagram,2024-03-03
new places explore cheyadam ishtam,user_1851,travel,youtube,2024-02-01
morning walk chala refreshing ga undi,user_1066,health,twitter,2024-01-04
gym ki regular ga velthunna,user_5683,health,facebook,2024-02-28
journey koncham tiring ga undi,user_7862,travel,twitter,2024-03-12
friends tho outing plan chesam,user_1713,travel,instagram,2024-04-30
water ekkuva tagali ani decide ayya,user_5000,health,instagram,2024-01-07
beach view amazing ga undi,user_8084,travel,instagram,2024-03-19
expenses control cheyali,user_6610,finance,twitter,2024-01-14
new places explore cheyadam ishtam,user_9339,travel,instagram,2024-03-11
stock market chala volatile ga undi,user_7076,finance,youtube,2024-05-06
team performance bagundi,user_9598,sports,twitter,2024-03-26
water ekkuva tagali ani decide ayya,user_4482,health,instagram,2024-05-29
budget plan chesukovali,user_9666,finance,instagram,2024-06-02
stock market chala volatile ga undi,user_3403,finance,whatsapp,2024-01-03
OTT lo content chala undi,user_6049,entertainment,instagram,2024-03-18
comedy show chala funny ga undi,user_6096,entertainment,telegram,2024-06-03
diet follow avadam kastam,user_7570,health,linkedin,2024-05-31
water ekkuva tagali ani decide ayya,user_3118,health,twitter,2024-06-15
beach view amazing ga undi,user_8945,travel,telegram,2024-03-12
OTT lo content chala undi,user_6327,entertainment,twitter,2024-06-11
fitness training start chesanu,user_7737,sports,youtube,2024-04-20
trip ki vellanu chala enjoy chesa,user_5343,travel,instagram,2024-05-02
songs vinadam relax istundi,user_4373,entertainment,instagram,2024-03-17
series binge watch chesa,user_9770,entertainment,instagram,2024-01-28
journey koncham tiring ga undi,user_3118,travel,instagram,2024-04-14
comedy show chala funny ga undi,user_1220,entertainment,twitter,2024-03-03
team performance bagundi,user_9493,sports,twitter,2024-01-20
diet follow avadam kastam,user_6599,health,facebook,2024-05-19
match last over lo twist ochindi,user_1707,sports,instagram,2024-01-24
gym ki regular ga velthunna,user_7468,health,instagram,2024-04-07
songs vinadam relax istundi,user_5831,entertainment,twitter,2024-02-18
series binge watch chesa,user_1678,entertainment,twitter,2024-05-02
series binge watch chesa,user_8591,entertainment,facebook,2024-01-08
money save cheyadam important,user_3385,finance,instagram,2024-04-27
morning walk chala refreshing ga undi,user_1584,health,linkedin,2024-05-23
series binge watch chesa,user_6800,entertainment,telegram,2024-02-14
new places explore cheyadam ishtam,user_1801,travel,twitter,2024-02-16
series binge watch chesa,user_3154,entertainment,instagram,2024-01-27
water ekkuva tagali ani decide ayya,user_5679,health,instagram,2024-04-24
expenses control cheyali,user_3284,finance,facebook,2024-01-15
money save cheyadam important,user_8597,finance,twitter,2024-03-30
budget plan chesukovali,user_2691,finance,facebook,2024-05-28
budget plan chesukovali,user_8958,finance,instagram,2024-01-17
fitness training start chesanu,user_9935,sports,telegram,2024-06-08
diet follow avadam kastam,user_5145,health,youtube,2024-04-30
investment gurinchi nerchukuntunna,user_5005,finance,facebook,2024-04-05
gym ki regular ga velthunna,user_8615,health,twitter,2024-01-05
journey koncham tiring ga undi,user_6313,travel,facebook,2024-02-29
expenses control cheyali,user_1825,finance,whatsapp,2024-05-24
morning walk chala refreshing ga undi,user_6401,health,youtube,2024-03-01
cricket match chala exciting ga undi,user_5333,sports,youtube,2024-03-01
series binge watch chesa,user_1478,entertainment,facebook,2024-01-31
gym ki regular ga velthunna,user_9555,health,instagram,2024-01-20
diet follow avadam kastam,user_9277,health,facebook,2024-04-01
OTT lo content chala undi,user_5332,entertainment,twitter,2024-04-15
team performance bagundi,user_1613,sports,instagram,2024-01-05
morning walk chala refreshing ga undi,user_1139,health,facebook,2024-02-29
songs vinadam relax istundi,user_6803,entertainment,instagram,2024-02-06
cricket match chala exciting ga undi,user_9201,sports,twitter,2024-02-03
journey koncham tiring ga undi,user_9112,travel,whatsapp,2024-05-07
new places explore cheyadam ishtam,user_7331,travel,youtube,2024-01-08
stock market chala volatile ga undi,user_8311,finance,twitter,2024-04-02
healthy food tinadam start chesa,user_4453,health,facebook,2024-01-22
songs vinadam relax istundi,user_1775,entertainment,telegram,2024-04-25
fitness training start chesanu,user_1555,sports,twitter,2024-04-15
water ekkuva tagali ani decide ayya,user_6972,health,telegram,2024-04-29
comedy show chala funny ga undi,user_8696,entertainment,facebook,2024-06-12
water ekkuva tagali ani decide ayya,user_8629,health,facebook,2024-06-29
comedy show chala funny ga undi,user_7395,entertainment,instagram,2024-06-03
series binge watch chesa,user_3768,entertainment,twitter,2024-05-08
comedy show chala funny ga undi,user_4660,entertainment,twitter,2024-01-11
fitness training start chesanu,user_6271,sports,whatsapp,2024-01-30
songs vinadam relax istundi,user_1065,entertainment,twitter,2024-03-03
match last over lo twist ochindi,user_5942,sports,facebook,2024-05-06
OTT lo content chala undi,user_3066,entertainment,facebook,2024-01-21
expenses control cheyali,user_9967,finance,twitter,2024-01-20
comedy show chala funny ga undi,user_4108,entertainment,youtube,2024-06-17
series binge watch chesa,user_7029,entertainment,twitter,2024-02-25
trip ki vellanu chala enjoy chesa,user_7320,travel,twitter,2024-03-16
beach view amazing ga undi,user_9102,travel,telegram,2024-03-19
trip ki vellanu chala enjoy chesa,user_7066,travel,twitter,2024-01-28
money save cheyadam important,user_2853,finance,facebook,2024-03-12
morning walk chala refreshing ga undi,user_6190,health,twitter,2024-06-10
expenses control cheyali,user_4556,finance,facebook,2024-03-18
songs vinadam relax istundi,user_7679,entertainment,facebook,2024-04-27
beach view amazing ga undi,user_6233,travel,facebook,2024-01-06
journey koncham tiring ga undi,user_2051,travel,instagram,2024-06-10
OTT lo content chala undi,user_1855,entertainment,twitter,2024-02-06
money save cheyadam important,user_2320,finance,facebook,2024-01-18
diet follow avadam kastam,user_6100,health,instagram,2024-06-22
football game super ga aadaru,user_4425,sports,twitter,2024-06-26
songs vinadam relax istundi,user_6389,entertainment,linkedin,2024-05-29
diet follow avadam kastam,user_7543,health,twitter,2024-03-14
money save cheyadam important,user_9957,finance,twitter,2024-06-20
series binge watch chesa,user_5893,entertainment,facebook,2024-05-03
cricket match chala exciting ga undi,user_1884,sports,facebook,2024-01-31
investment gurinchi nerchukuntunna,user_7876,finance,facebook,2024-05-27
friends tho outing plan chesam,user_4051,travel,instagram,2024-02-22
cricket match chala exciting ga undi,user_6375,sports,instagram,2024-02-06
match last over lo twist ochindi,user_5672,sports,telegram,2024-05-06
morning walk chala refreshing ga undi,user_4017,health,instagram,2024-04-13
diet follow avadam kastam,user_1421,health,youtube,2024-03-16
investment gurinchi nerchukuntunna,user_9030,finance,facebook,2024-02-01
football game super ga aadaru,user_1935,sports,facebook,2024-04-01
trip ki vellanu chala enjoy chesa,user_2420,travel,instagram,2024-04-18
team performance bagundi,user_8223,sports,facebook,2024-01-01
series binge watch chesa,user_5788,entertainment,facebook,2024-05-18
football game super ga aadaru,user_9651,sports,facebook,2024-02-02
team performance bagundi,user_5372,sports,twitter,2024-01-02
healthy food tinadam start chesa,user_8966,health,telegram,2024-06-09
budget plan chesukovali,user_1573,finance,facebook,2024-06-20
OTT lo content chala undi,user_9124,entertainment,instagram,2024-05-02
trip ki vellanu chala enjoy chesa,user_3124,travel,twitter,2024-05-16
diet follow avadam kastam,user_4653,health,instagram,2024-02-03
songs vinadam relax istundi,user_9280,entertainment,twitter,2024-05-20
stock market chala volatile ga undi,user_6846,finance,youtube,2024-04-16
expenses control cheyali,user_7909,finance,facebook,2024-04-20
investment gurinchi nerchukuntunna,user_4281,finance,twitter,2024-01-17
team performance bagundi,user_6166,sports,twitter,2024-03-29
new places explore cheyadam ishtam,user_4052,travel,facebook,2024-04-23
match last over lo twist ochindi,user_6487,sports,twitter,2024-01-10
beach view amazing ga undi,user_9499,travel,instagram,2024-06-17
water ekkuva tagali ani decide ayya,user_4273,health,facebook,2024-06-23
new movie release kosam wait chesthunna,user_6930,entertainment,facebook,2024-04-15
investment gurinchi nerchukuntunna,user_6599,finance,facebook,2024-04-16
budget plan chesukovali,user_2998,finance,facebook,2024-01-27
new movie release kosam wait chesthunna,user_2783,entertainment,telegram,2024-03-13
fitness training start chesanu,user_3563,sports,facebook,2024-04-15
friends tho outing plan chesam,user_5162,travel,facebook,2024-03-31
water ekkuva tagali ani decide ayya,user_6115,health,telegram,2024-01-24
diet follow avadam kastam,user_9500,health,facebook,2024-03-02
cricket match chala exciting ga undi,user_1100,sports,twitter,2024-04-04
fitness training start chesanu,user_9496,sports,twitter,2024-03-11
stock market chala volatile ga undi,user_1124,finance,facebook,2024-02-07
beach view amazing ga undi,user_7374,travel,facebook,2024-06-14
journey koncham tiring ga undi,user_1172,travel,twitter,2024-02-14
series binge watch chesa,user_1190,entertainment,instagram,2024-02-22
stock market chala volatile ga undi,user_2316,finance,facebook,2024-06-18
OTT lo content chala undi,user_5352,entertainment,telegram,2024-01-07
OTT lo content chala undi,user_2397,entertainment,twitter,2024-03-28
series binge watch chesa,user_4155,entertainment,instagram,2024-04-14
diet follow avadam kastam,user_3555,health,instagram,2024-06-30
OTT lo content chala undi,user_9508,entertainment,instagram,2024-03-12
new movie release kosam wait chesthunna,user_9642,entertainment,twitter,2024-03-29
budget plan chesukovali,user_5928,finance,instagram,2024-04-15
comedy show chala funny ga undi,user_8392,entertainment,twitter,2024-02-10
beach view amazing ga undi,user_4978,travel,facebook,2024-05-31
fitness training start chesanu,user_2684,sports,telegram,2024-01-30
diet follow avadam kastam,user_4009,health,facebook,2024-02-27
water ekkuva tagali ani decide ayya,user_9490,health,instagram,2024-01-11
gym ki regular ga velthunna,user_3778,health,twitter,2024-01-31
fitness training start chesanu,user_2180,sports,facebook,2024-06-03
series binge watch chesa,user_9704,entertainment,telegram,2024-01-09
healthy food tinadam start chesa,user_9307,health,telegram,2024-05-24
series binge watch chesa,user_8125,entertainment,youtube,2024-06-21
stock market chala volatile ga undi,user_4080,finance,facebook,2024-02-19
OTT lo content chala undi,user_3845,entertainment,facebook,2024-05-26
water ekkuva tagali ani decide ayya,user_3766,health,telegram,2024-01-10
OTT lo content chala undi,user_7785,entertainment,instagram,2024-03-06
morning walk chala refreshing ga undi,user_6316,health,instagram,2024-02-29
money save cheyadam important,user_7045,finance,instagram,2024-03-08
football game super ga aadaru,user_7232,sports,telegram,2024-05-02
new movie release kosam wait chesthunna,user_2912,entertainment,twitter,2024-02-11
cricket match chala exciting ga undi,user_3615,sports,youtube,2024-01-02
comedy show chala funny ga undi,user_4294,entertainment,telegram,2024-04-09
gym ki regular ga velthunna,user_5655,health,whatsapp,2024-05-28
healthy food tinadam start chesa,user_1996,health,facebook,2024-03-28
new places explore cheyadam ishtam,user_6889,travel,twitter,2024-01-13
trip ki vellanu chala enjoy chesa,user_1937,travel,twitter,2024-04-08
team performance bagundi,user_2793,sports,youtube,2024-05-30
friends tho outing plan chesam,user_2986,travel,twitter,2024-02-17
friends tho outing plan chesam,user_1682,travel,youtube,2024-06-20
diet follow avadam kastam,user_6664,health,instagram,2024-06-16
OTT lo content chala undi,user_6829,entertainment,telegram,2024-05-09
football game super ga aadaru,user_4074,sports,telegram,2024-01-26
gym ki regular ga velthunna,user_1239,health,twitter,2024-06-17
diet follow avadam kastam,user_5025,health,linkedin,2024-04-25
OTT lo content chala undi,user_3025,entertainment,twitter,2024-04-25
diet follow avadam kastam,user_2903,health,linkedin,2024-04-30
comedy show chala funny ga undi,user_4129,entertainment,instagram,2024-06-24
investment gurinchi nerchukuntunna,user_5599,finance,youtube,2024-01-25
healthy food tinadam start chesa,user_1867,health,facebook,2024-02-07
healthy food tinadam start chesa,user_4235,health,facebook,2024-01-11
water ekkuva tagali ani decide ayya,user_6589,health,youtube,2024-02-17
cricket match chala exciting ga undi,user_8955,sports,facebook,2024-06-16
cricket match chala exciting ga undi,user_4534,sports,youtube,2024-02-04
diet follow avadam kastam,user_6519,health,youtube,2024-06-29
beach view amazing ga undi,user_6161,travel,twitter,2024-02-14
cricket match chala exciting ga undi,user_4207,sports,whatsapp,2024-01-08
morning walk chala refreshing ga undi,user_4584,health,youtube,2024-02-29
match last over lo twist ochindi,user_5436,sports,twitter,2024-05-28
trip ki vellanu chala enjoy chesa,user_4028,travel,instagram,2024-05-01
trip ki vellanu chala enjoy chesa,user_7549,travel,facebook,2024-03-14
friends tho outing plan chesam,user_6050,travel,telegram,2024-06-29
friends tho outing plan chesam,user_9651,travel,facebook,2024-03-20
morning walk chala refreshing ga undi,user_6439,health,telegram,2024-02-20
team performance bagundi,user_5628,sports,facebook,2024-06-25
diet follow avadam kastam,user_3608,health,instagram,2024-04-19
football game super ga aadaru,user_9681,sports,twitter,2024-02-27
gym ki regular ga velthunna,user_2516,health,twitter,2024-02-08
OTT lo content chala undi,user_2177,entertainment,telegram,2024-05-09
stock market chala volatile ga undi,user_5358,finance,twitter,2024-01-04
series binge watch chesa,user_6492,entertainment,instagram,2024-04-23
series binge watch chesa,user_5066,entertainment,twitter,2024-02-26
healthy food tinadam start chesa,user_9328,health,twitter,2024-03-06
money save cheyadam important,user_4715,finance,twitter,2024-05-30
journey koncham tiring ga undi,user_2728,travel,facebook,2024-06-22
morning walk chala refreshing ga undi,user_3901,health,facebook,2024-03-13
morning walk chala refreshing ga undi,user_7804,health,facebook,2024-01-04
cricket match chala exciting ga undi,user_3559,sports,twitter,2024-04-12
investment gurinchi nerchukuntunna,user_3275,finance,youtube,2024-06-13
journey koncham tiring ga undi,user_8156,travel,twitter,2024-05-29
morning walk chala refreshing ga undi,user_6749,health,youtube,2024-03-08
investment gurinchi nerchukuntunna,user_8834,finance,twitter,2024-01-06
beach view amazing ga undi,user_1297,travel,instagram,2024-06-27
money save cheyadam important,user_2569,finance,facebook,2024-01-23
journey koncham tiring ga undi,user_2972,travel,instagram,2024-03-17
journey koncham tiring ga undi,user_1766,travel,twitter,2024-01-12
expenses control cheyali,user_8760,finance,facebook,2024-05-17
new places explore cheyadam ishtam,user_4962,travel,instagram,2024-04-22
gym ki regular ga velthunna,user_3691,health,twitter,2024-04-11
trip ki vellanu chala enjoy chesa,user_7833,travel,twitter,2024-04-28
journey koncham tiring ga undi,user_2102,travel,twitter,2024-03-05
trip ki vellanu chala enjoy chesa,user_3709,travel,facebook,2024-05-25
money save cheyadam important,user_9845,finance,facebook,2024-03-27
healthy food tinadam start chesa,user_1201,health,telegram,2024-01-08
gym ki regular ga velthunna,user_1122,health,facebook,2024-01-01
morning walk chala refreshing ga undi,user_3956,health,twitter,2024-06-05
healthy food tinadam start chesa,user_7403,health,twitter,2024-05-16
friends tho outing plan chesam,user_6733,travel,facebook,2024-03-03
expenses control cheyali,user_3312,finance,twitter,2024-03-11
trip ki vellanu chala enjoy chesa,user_9878,travel,whatsapp,2024-03-26
friends tho outing plan chesam,user_6784,travel,twitter,2024-03-11
comedy show chala funny ga undi,user_2904,entertainment,instagram,2024-03-13
series binge watch chesa,user_8513,entertainment,facebook,2024-05-24
budget plan chesukovali,user_5636,finance,instagram,2024-05-17
morning walk chala refreshing ga undi,user_4793,health,youtube,2024-02-23
series binge watch chesa,user_7914,entertainment,youtube,2024-03-19
journey koncham tiring ga undi,user_5078,travel,twitter,2024-04-04
new places explore cheyadam ishtam,user_5684,travel,instagram,2024-06-10
journey koncham tiring ga undi,user_2303,travel,twitter,2024-02-12
water ekkuva tagali ani decide ayya,user_5046,health,twitter,2024-05-27
fitness training start chesanu,user_8300,sports,twitter,2024-05-14
gym ki regular ga velthunna,user_1474,health,youtube,2024-01-18
healthy food tinadam start chesa,user_1311,health,youtube,2024-06-25
morning walk chala refreshing ga undi,user_4374,health,facebook,2024-02-09
friends tho outing plan chesam,user_1736,travel,facebook,2024-04-06
gym ki regular ga velthunna,user_8816,health,twitter,2024-01-22
football game super ga aadaru,user_8705,sports,twitter,2024-06-27
beach view amazing ga undi,user_5816,travel,twitter,2024-03-12
morning walk chala refreshing ga undi,user_8933,health,twitter,2024-04-30
money save cheyadam important,user_8196,finance,twitter,2024-06-01
new movie release kosam wait chesthunna,user_2211,entertainment,twitter,2024-02-27
fitness training start chesanu,user_9701,sports,twitter,2024-01-04
comedy show chala funny ga undi,user_1885,entertainment,twitter,2024-05-09
stock market chala volatile ga undi,user_6562,finance,twitter,2024-04-29
new places explore cheyadam ishtam,user_5760,travel,telegram,2024-03-17
beach view amazing ga undi,user_6756,travel,twitter,2024-02-03
budget plan chesukovali,user_8633,finance,facebook,2024-03-23
healthy food tinadam start chesa,user_1756,health,facebook,2024-03-17
healthy food tinadam start chesa,user_6415,health,facebook,2024-05-13
diet follow avadam kastam,user_6718,health,youtube,2024-03-03
morning walk chala refreshing ga undi,user_8436,health,youtube,2024-01-30
water ekkuva tagali ani decide ayya,user_4845,health,youtube,2024-03-29
match last over lo twist ochindi,user_3958,sports,twitter,2024-06-27
match last over lo twist ochindi,user_8711,sports,twitter,2024-02-09
healthy food tinadam start chesa,user_2047,health,facebook,2024-05-25
water ekkuva tagali ani decide ayya,user_1865,health,facebook,2024-05-06
fitness training start chesanu,user_7140,sports,telegram,2024-04-26
team performance bagundi,user_6816,sports,instagram,2024-05-17
series binge watch chesa,user_2249,entertainment,linkedin,2024-06-25
money save cheyadam important,user_2215,finance,youtube,2024-04-18
football game super ga aadaru,user_3853,sports,facebook,2024-03-13
series binge watch chesa,user_2720,entertainment,linkedin,2024-06-08
stock market chala volatile ga undi,user_7416,finance,instagram,2024-03-08
beach view amazing ga undi,user_1621,travel,instagram,2024-04-19
money save cheyadam important,user_3800,finance,facebook,2024-06-18
songs vinadam relax istundi,user_2573,entertainment,twitter,2024-01-20
series binge watch chesa,user_1990,entertainment,twitter,2024-03-24
OTT lo content chala undi,user_6588,entertainment,youtube,2024-04-13
expenses control cheyali,user_8862,finance,facebook,2024-06-15
OTT lo content chala undi,user_6428,entertainment,twitter,2024-02-29
friends tho outing plan chesam,user_1545,travel,facebook,2024-04-07
trip ki vellanu chala enjoy chesa,user_9074,travel,twitter,2024-04-28
healthy food tinadam start chesa,user_4130,health,linkedin,2024-05-24
new places explore cheyadam ishtam,user_9573,travel,whatsapp,2024-01-06
comedy show chala funny ga undi,user_6873,entertainment,twitter,2024-05-29
football game super ga aadaru,user_5926,sports,telegram,2024-03-11
gym ki regular ga velthunna,user_3766,health,instagram,2024-03-15
comedy show chala funny ga undi,user_8122,entertainment,instagram,2024-01-27
expenses control cheyali,user_6184,finance,twitter,2024-01-02
budget plan chesukovali,user_5134,finance,twitter,2024-04-16
OTT lo content chala undi,user_4019,entertainment,instagram,2024-02-20
expenses control cheyali,user_6828,finance,twitter,2024-05-17
OTT lo content chala undi,user_8854,entertainment,instagram,2024-05-02
diet follow avadam kastam,user_4452,health,facebook,2024-03-30
water ekkuva tagali ani decide ayya,user_1617,health,facebook,2024-06-17
new movie release kosam wait chesthunna,user_9565,entertainment,instagram,2024-01-06
cricket match chala exciting ga undi,user_3416,sports,twitter,2024-04-23
OTT lo content chala undi,user_9917,entertainment,instagram,2024-03-29
new movie release kosam wait chesthunna,user_4479,entertainment,linkedin,2024-03-17
expenses control cheyali,user_5259,finance,facebook,2024-03-10
expenses control cheyali,user_6309,finance,telegram,2024-04-16
money save cheyadam important,user_5717,finance,instagram,2024-06-18
journey koncham tiring ga undi,user_1164,travel,twitter,2024-02-21
football game super ga aadaru,user_8349,sports,whatsapp,2024-04-11
investment gurinchi nerchukuntunna,user_7302,finance,youtube,2024-04-04
healthy food tinadam start chesa,user_7143,health,linkedin,2024-01-25
expenses control cheyali,user_9218,finance,instagram,2024-01-18
fitness training start chesanu,user_8718,sports,twitter,2024-02-04
friends tho outing plan chesam,user_9895,travel,twitter,2024-05-27
team performance bagundi,user_7254,sports,telegram,2024-04-12
healthy food tinadam start chesa,user_2389,health,telegram,2024-01-03
new places explore cheyadam ishtam,user_4840,travel,facebook,2024-05-12
cricket match chala exciting ga undi,user_5248,sports,twitter,2024-04-09
comedy show chala funny ga undi,user_5212,entertainment,twitter,2024-05-05
stock market chala volatile ga undi,user_5952,finance,instagram,2024-06-01
journey koncham tiring ga undi,user_6327,travel,twitter,2024-06-27
OTT lo content chala undi,user_2679,entertainment,whatsapp,2024-05-27
beach view amazing ga undi,user_2470,travel,twitter,2024-05-02
OTT lo content chala undi,user_4339,entertainment,instagram,2024-05-03
football game super ga aadaru,user_7964,sports,instagram,2024-06-30
fitness training start chesanu,user_6937,sports,twitter,2024-01-30
trip ki vellanu chala enjoy chesa,user_2571,travel,telegram,2024-01-31
fitness training start chesanu,user_9287,sports,twitter,2024-02-08
morning walk chala refreshing ga undi,user_9413,health,twitter,2024-03-03
match last over lo twist ochindi,user_6121,sports,twitter,2024-01-05
investment gurinchi nerchukuntunna,user_3501,finance,twitter,2024-04-11
gym ki regular ga velthunna,user_8328,health,facebook,2024-03-17
friends tho outing plan chesam,user_8739,travel,instagram,2024-06-14
beach view amazing ga undi,user_6451,travel,instagram,2024-04-26
budget plan chesukovali,user_1347,finance,twitter,2024-06-28
diet follow avadam kastam,user_7995,health,twitter,2024-03-04
fitness training start chesanu,user_7233,sports,instagram,2024-01-29
series binge watch chesa,user_4182,entertainment,twitter,2024-05-31
football game super ga aadaru,user_9456,sports,twitter,2024-06-03
new movie release kosam wait chesthunna,user_4511,entertainment,youtube,2024-05-29
new movie release kosam wait chesthunna,user_6718,entertainment,facebook,2024-05-20
expenses control cheyali,user_9512,finance,instagram,2024-06-16
water ekkuva tagali ani decide ayya,user_1489,health,linkedin,2024-06-10
trip ki vellanu chala enjoy chesa,user_8606,travel,facebook,2024-05-26
match last over lo twist ochindi,user_3589,sports,twitter,2024-03-08
stock market chala volatile ga undi,user_2693,finance,facebook,2024-04-22
fitness training start chesanu,user_6271,sports,whatsapp,2024-02-06
expenses control cheyali,user_4483,finance,youtube,2024-06-06
money save cheyadam important,user_2392,finance,twitter,2024-05-18
healthy food tinadam start chesa,user_7978,health,twitter,2024-05-13
water ekkuva tagali ani decide ayya,user_2892,health,instagram,2024-02-13
new places explore cheyadam ishtam,user_5877,travel,facebook,2024-04-04
comedy show chala funny ga undi,user_6024,entertainment,facebook,2024-01-06
new movie release kosam wait chesthunna,user_4432,entertainment,instagram,2024-06-14
gym ki regular ga velthunna,user_5035,health,twitter,2024-06-22
cricket match chala exciting ga undi,user_5064,sports,instagram,2024-04-26
fitness training start chesanu,user_8078,sports,facebook,2024-05-26
songs vinadam relax istundi,user_4851,entertainment,facebook,2024-04-27
match last over lo twist ochindi,user_5442,sports,twitter,2024-03-21
new places explore cheyadam ishtam,user_7874,travel,twitter,2024-03-30
series binge watch chesa,user_2776,entertainment,telegram,2024-03-24
gym ki regular ga velthunna,user_7818,health,facebook,2024-06-11
series binge watch chesa,user_7667,entertainment,telegram,2024-01-28
new movie release kosam wait chesthunna,user_5243,entertainment,instagram,2024-01-14
series binge watch chesa,user_2042,entertainment,twitter,2024-01-03
cricket match chala exciting ga undi,user_4732,sports,facebook,2024-05-23
beach view amazing ga undi,user_2718,travel,twitter,2024-03-18
cricket match chala exciting ga undi,user_2372,sports,instagram,2024-05-14
morning walk chala refreshing ga undi,user_8862,health,twitter,2024-05-18
gym ki regular ga velthunna,user_6513,health,linkedin,2024-01-20
journey koncham tiring ga undi,user_3126,travel,twitter,2024-03-24
match last over lo twist ochindi,user_1879,sports,telegram,2024-06-13
new movie release kosam wait chesthunna,user_4925,entertainment,instagram,2024-01-23
match last over lo twist ochindi,user_8462,sports,instagram,2024-05-11
series binge watch chesa,user_9721,entertainment,facebook,2024-01-23
fitness training start chesanu,user_1082,sports,twitter,2024-06-15
OTT lo content chala undi,user_8657,entertainment,twitter,2024-03-24
morning walk chala refreshing ga undi,user_3206,health,facebook,2024-04-19
diet follow avadam kastam,user_5532,health,twitter,2024-05-02
match last over lo twist ochindi,user_5760,sports,linkedin,2024-06-29
budget plan chesukovali,user_2413,finance,twitter,2024-05-19
match last over lo twist ochindi,user_7886,sports,instagram,2024-02-23
new movie release kosam wait chesthunna,user_7001,entertainment,youtube,2024-01-31
series binge watch chesa,user_8203,entertainment,instagram,2024-05-26
songs vinadam relax istundi,user_5366,entertainment,facebook,2024-02-24
series binge watch chesa,user_3246,entertainment,twitter,2024-02-27
OTT lo content chala undi,user_2986,entertainment,whatsapp,2024-06-29
expenses control cheyali,user_2714,finance,facebook,2024-02-18
new movie release kosam wait chesthunna,user_6443,entertainment,instagram,2024-03-05
expenses control cheyali,user_2405,finance,facebook,2024-05-06
morning walk chala refreshing ga undi,user_5543,health,facebook,2024-03-26
fitness training start chesanu,user_8329,sports,twitter,2024-04-29
gym ki regular ga velthunna,user_9751,health,twitter,2024-05-07
diet follow avadam kastam,user_7145,health,youtube,2024-03-28
morning walk chala refreshing ga undi,user_4345,health,twitter,2024-05-24
diet follow avadam kastam,user_3655,health,facebook,2024-06-05
morning walk chala refreshing ga undi,user_1754,health,twitter,2024-05-07
football game super ga aadaru,user_8534,sports,twitter,2024-01-25
healthy food tinadam start chesa,user_3331,health,facebook,2024-01-22
journey koncham tiring ga undi,user_7169,travel,whatsapp,2024-02-27
fitness training start chesanu,user_5389,sports,linkedin,2024-03-06
comedy show chala funny ga undi,user_3275,entertainment,facebook,2024-01-23
OTT lo content chala undi,user_8532,entertainment,twitter,2024-02-14
journey koncham tiring ga undi,user_5296,travel,twitter,2024-03-14
stock market chala volatile ga undi,user_8444,finance,facebook,2024-03-18
money save cheyadam important,user_1907,finance,twitter,2024-04-30
healthy food tinadam start chesa,user_9194,health,instagram,2024-01-17
OTT lo content chala undi,user_3968,entertainment,youtube,2024-02-08
budget plan chesukovali,user_7704,finance,linkedin,2024-05-01
team performance bagundi,user_8361,sports,facebook,2024-06-06
money save cheyadam important,user_3342,finance,youtube,2024-01-05
new places explore cheyadam ishtam,user_7079,travel,twitter,2024-04-04
investment gurinchi nerchukuntunna,user_7548,finance,twitter,2024-02-25
series binge watch chesa,user_5279,entertainment,youtube,2024-02-22
match last over lo twist ochindi,user_1181,sports,twitter,2024-04-27
series binge watch chesa,user_9053,entertainment,linkedin,2024-05-17
budget plan chesukovali,user_1777,finance,twitter,2024-01-26
healthy food tinadam start chesa,user_7134,health,instagram,2024-02-21
expenses control cheyali,user_5460,finance,linkedin,2024-01-29
football game super ga aadaru,user_5929,sports,facebook,2024-06-27
money save cheyadam important,user_8085,finance,facebook,2024-04-20
morning walk chala refreshing ga undi,user_7395,health,facebook,2024-03-19
friends tho outing plan chesam,user_9672,travel,twitter,2024-02-05
water ekkuva tagali ani decide ayya,user_9553,health,telegram,2024-06-01
journey koncham tiring ga undi,user_5845,travel,telegram,2024-06-17
fitness training start chesanu,user_2628,sports,facebook,2024-05-29
cricket match chala exciting ga undi,user_4895,sports,twitter,2024-02-24
match last over lo twist ochindi,user_6412,sports,instagram,2024-05-15
new movie release kosam wait chesthunna,user_9478,entertainment,instagram,2024-04-27
healthy food tinadam start chesa,user_3942,health,twitter,2024-06-08
football game super ga aadaru,user_7502,sports,telegram,2024-01-14
gym ki regular ga velthunna,user_6044,health,youtube,2024-05-02
expenses control cheyali,user_3509,finance,instagram,2024-04-29
new movie release kosam wait chesthunna,user_9096,entertainment,youtube,2024-04-16
match last over lo twist ochindi,user_2365,sports,twitter,2024-05-31
budget plan chesukovali,user_2501,finance,youtube,2024-04-05
money save cheyadam important,user_5682,finance,facebook,2024-02-03
diet follow avadam kastam,user_3675,health,twitter,2024-02-08
diet follow avadam kastam,user_3296,health,twitter,2024-04-08
budget plan chesukovali,user_5371,finance,instagram,2024-06-20
journey koncham tiring ga undi,user_5497,travel,linkedin,2024-05-01
investment gurinchi nerchukuntunna,user_1692,finance,instagram,2024-05-22
healthy food tinadam start chesa,user_9006,health,facebook,2024-02-05
series binge watch chesa,user_5655,entertainment,twitter,2024-02-10
fitness training start chesanu,user_9602,sports,instagram,2024-04-07
match last over lo twist ochindi,user_1552,sports,instagram,2024-02-15
diet follow avadam kastam,user_5858,health,instagram,2024-06-06
gym ki regular ga velthunna,user_2294,health,facebook,2024-01-16
healthy food tinadam start chesa,user_3587,health,telegram,2024-06-24
expenses control cheyali,user_7359,finance,twitter,2024-03-16
football game super ga aadaru,user_3849,sports,linkedin,2024-05-16
morning walk chala refreshing ga undi,user_3945,health,youtube,2024-04-17
team performance bagundi,user_3064,sports,youtube,2024-06-17
new movie release kosam wait chesthunna,user_8120,entertainment,youtube,2024-03-18
budget plan chesukovali,user_8788,finance,telegram,2024-06-28
new movie release kosam wait chesthunna,user_1863,entertainment,twitter,2024-05-07
stock market chala volatile ga undi,user_3087,finance,twitter,2024-04-20
OTT lo content chala undi,user_2377,entertainment,youtube,2024-01-26
football game super ga aadaru,user_4960,sports,twitter,2024-06-21
healthy food tinadam start chesa,user_6443,health,facebook,2024-01-05
diet follow avadam kastam,user_7048,health,twitter,2024-04-27
money save cheyadam important,user_6276,finance,facebook,2024-06-30
healthy food tinadam start chesa,user_2950,health,instagram,2024-05-21
comedy show chala funny ga undi,user_8307,entertainment,twitter,2024-01-22
investment gurinchi nerchukuntunna,user_7818,finance,twitter,2024-04-04
team performance bagundi,user_6092,sports,instagram,2024-06-30
gym ki regular ga velthunna,user_8050,health,twitter,2024-06-01
water ekkuva tagali ani decide ayya,user_5530,health,twitter,2024-02-28
expenses control cheyali,user_8141,finance,telegram,2024-01-11
match last over lo twist ochindi,user_6151,sports,twitter,2024-06-01
fitness training start chesanu,user_6352,sports,telegram,2024-02-25
investment gurinchi nerchukuntunna,user_9657,finance,whatsapp,2024-04-12
trip ki vellanu chala enjoy chesa,user_6203,travel,twitter,2024-04-15
series binge watch chesa,user_4981,entertainment,twitter,2024-05-06
friends tho outing plan chesam,user_4272,travel,twitter,2024-04-28
songs vinadam relax istundi,user_4400,entertainment,facebook,2024-01-10
new places explore cheyadam ishtam,user_1352,travel,twitter,2024-02-08
morning walk chala refreshing ga undi,user_5563,health,twitter,2024-05-11
beach view amazing ga undi,user_6948,travel,twitter,2024-03-10
diet follow avadam kastam,user_5719,health,instagram,2024-01-25
team performance bagundi,user_2441,sports,twitter,2024-05-28
diet follow avadam kastam,user_6192,health,youtube,2024-03-16
morning walk chala refreshing ga undi,user_9658,health,twitter,2024-02-27
journey koncham tiring ga undi,user_5653,travel,instagram,2024-01-25
journey koncham tiring ga undi,user_5874,travel,twitter,2024-04-07
investment gurinchi nerchukuntunna,user_6636,finance,instagram,2024-05-19
songs vinadam relax istundi,user_9700,entertainment,instagram,2024-03-29
investment gurinchi nerchukuntunna,user_5388,finance,twitter,2024-01-22
money save cheyadam important,user_4575,finance,facebook,2024-05-22
football game super ga aadaru,user_2150,sports,youtube,2024-02-26
budget plan chesukovali,user_8174,finance,instagram,2024-05-20
friends tho outing plan chesam,user_1964,travel,twitter,2024-02-18
gym ki regular ga velthunna,user_3605,health,twitter,2024-04-28
diet follow avadam kastam,user_6896,health,twitter,2024-06-09
budget plan chesukovali,user_8759,finance,twitter,2024-02-27
team performance bagundi,user_3517,sports,youtube,2024-04-07
series binge watch chesa,user_3289,entertainment,twitter,2024-06-12
football game super ga aadaru,user_6710,sports,twitter,2024-03-01
gym ki regular ga velthunna,user_9024,health,youtube,2024-05-03
new places explore cheyadam ishtam,user_9928,travel,facebook,2024-04-29
morning walk chala refreshing ga undi,user_7003,health,facebook,2024-05-07
new movie release kosam wait chesthunna,user_9183,entertainment,twitter,2024-04-13
songs vinadam relax istundi,user_7660,entertainment,twitter,2024-05-17
fitness training start chesanu,user_5344,sports,facebook,2024-02-03
trip ki vellanu chala enjoy chesa,user_1288,travel,twitter,2024-01-08
investment gurinchi nerchukuntunna,user_3165,finance,youtube,2024-05-07
football game super ga aadaru,user_9126,sports,facebook,2024-01-10
new places explore cheyadam ishtam,user_4464,travel,twitter,2024-06-17
friends tho outing plan chesam,user_8949,travel,twitter,2024-01-14
football game super ga aadaru,user_5926,sports,instagram,2024-02-09
new places explore cheyadam ishtam,user_1587,travel,instagram,2024-02-09
friends tho outing plan chesam,user_7032,travel,facebook,2024-06-07
healthy food tinadam start chesa,user_6274,health,twitter,2024-05-05
investment gurinchi nerchukuntunna,user_5180,finance,facebook,2024-01-17
fitness training start chesanu,user_7742,sports,facebook,2024-04-12
stock market chala volatile ga undi,user_7525,finance,telegram,2024-06-13
team performance bagundi,user_9480,sports,facebook,2024-02-26
match last over lo twist ochindi,user_1583,sports,facebook,2024-01-16
football game super ga aadaru,user_7541,sports,facebook,2024-06-22
football game super ga aadaru,user_4664,sports,youtube,2024-01-11
songs vinadam relax istundi,user_3348,entertainment,facebook,2024-05-25
journey koncham tiring ga undi,user_4888,travel,linkedin,2024-05-02
match last over lo twist ochindi,user_4640,sports,linkedin,2024-02-23
match last over lo twist ochindi,user_8067,sports,instagram,2024-01-15
cricket match chala exciting ga undi,user_6709,sports,instagram,2024-02-15
investment gurinchi nerchukuntunna,user_5088,finance,twitter,2024-03-22
investment gurinchi nerchukuntunna,user_8838,finance,twitter,2024-02-23
journey koncham tiring ga undi,user_9310,travel,twitter,2024-06-14
comedy show chala funny ga undi,user_2078,entertainment,twitter,2024-03-27
new movie release kosam wait chesthunna,user_8358,entertainment,twitter,2024-03-12
water ekkuva tagali ani decide ayya,user_2489,health,twitter,2024-04-05
investment gurinchi nerchukuntunna,user_9623,finance,twitter,2024-06-13
journey koncham tiring ga undi,user_9888,travel,twitter,2024-02-02
water ekkuva tagali ani decide ayya,user_2880,health,instagram,2024-03-31
fitness training start chesanu,user_4773,sports,whatsapp,2024-01-30
stock market chala volatile ga undi,user_8407,finance,instagram,2024-03-08
new movie release kosam wait chesthunna,user_5838,entertainment,telegram,2024-02-28
beach view amazing ga undi,user_7867,travel,instagram,2024-02-05
comedy show chala funny ga undi,user_6540,entertainment,twitter,2024-03-27
stock market chala volatile ga undi,user_2924,finance,instagram,2024-05-22
investment gurinchi nerchukuntunna,user_6722,finance,facebook,2024-02-13
football game super ga aadaru,user_9713,sports,twitter,2024-06-02
friends tho outing plan chesam,user_2872,travel,twitter,2024-04-16
beach view amazing ga undi,user_3024,travel,instagram,2024-05-28
cricket match chala exciting ga undi,user_5002,sports,youtube,2024-02-17
OTT lo content chala undi,user_4649,entertainment,instagram,2024-06-24
cricket match chala exciting ga undi,user_5674,sports,instagram,2024-04-10
healthy food tinadam start chesa,user_4071,health,twitter,2024-05-20
cricket match chala exciting ga undi,user_2238,sports,twitter,2024-06-20
new places explore cheyadam ishtam,user_2992,travel,facebook,2024-04-10
friends tho outing plan chesam,user_6113,travel,telegram,2024-02-05
new places explore cheyadam ishtam,user_8673,travel,linkedin,2024-05-28
budget plan chesukovali,user_9011,finance,twitter,2024-04-25
cricket match chala exciting ga undi,user_5772,sports,twitter,2024-01-10
match last over lo twist ochindi,user_7512,sports,instagram,2024-03-05
team performance bagundi,user_8913,sports,facebook,2024-01-10
morning walk chala refreshing ga undi,user_8577,health,facebook,2024-01-15
comedy show chala funny ga undi,user_4959,entertainment,instagram,2024-02-25
water ekkuva tagali ani decide ayya,user_8245,health,twitter,2024-03-17
budget plan chesukovali,user_9122,finance,twitter,2024-01-07
investment gurinchi nerchukuntunna,user_4274,finance,facebook,2024-05-09
morning walk chala refreshing ga undi,user_5073,health,facebook,2024-03-19
new places explore cheyadam ishtam,user_1264,travel,telegram,2024-04-29
journey koncham tiring ga undi,user_1824,travel,twitter,2024-01-17
healthy food tinadam start chesa,user_1652,health,facebook,2024-06-18
series binge watch chesa,user_3979,entertainment,telegram,2024-01-04
fitness training start chesanu,user_1562,sports,twitter,2024-01-20
gym ki regular ga velthunna,user_9619,health,facebook,2024-03-09
songs vinadam relax istundi,user_3429,entertainment,youtube,2024-04-11
cricket match chala exciting ga undi,user_7809,sports,facebook,2024-06-25
trip ki vellanu chala enjoy chesa,user_9683,travel,instagram,2024-06-22
cricket match chala exciting ga undi,user_4269,sports,instagram,2024-01-14
budget plan chesukovali,user_7312,finance,instagram,2024-03-24
investment gurinchi nerchukuntunna,user_7252,finance,facebook,2024-01-01
new places explore cheyadam ishtam,user_7529,travel,twitter,2024-01-05
football game super ga aadaru,user_5085,sports,twitter,2024-02-21
comedy show chala funny ga undi,user_4842,entertainment,instagram,2024-02-08
new movie release kosam wait chesthunna,user_9409,entertainment,whatsapp,2024-01-14
stock market chala volatile ga undi,user_2425,finance,twitter,2024-06-09
series binge watch chesa,user_4731,entertainment,instagram,2024-03-10
songs vinadam relax istundi,user_3511,entertainment,twitter,2024-03-31
new places explore cheyadam ishtam,user_9125,travel,twitter,2024-05-15
stock market chala volatile ga undi,user_2331,finance,telegram,2024-03-02
expenses control cheyali,user_5057,finance,twitter,2024-05-09
comedy show chala funny ga undi,user_3171,entertainment,twitter,2024-01-15
fitness training start chesanu,user_2006,sports,instagram,2024-02-23
diet follow avadam kastam,user_4357,health,facebook,2024-06-19
series binge watch chesa,user_8735,entertainment,youtube,2024-03-21
gym ki regular ga velthunna,user_2979,health,facebook,2024-01-27
cricket match chala exciting ga undi,user_9953,sports,instagram,2024-05-04
fitness training start chesanu,user_3097,sports,instagram,2024-05-01
cricket match chala exciting ga undi,user_3078,sports,twitter,2024-04-06
series binge watch chesa,user_2579,entertainment,linkedin,2024-04-03
diet follow avadam kastam,user_5317,health,telegram,2024-04-19
budget plan chesukovali,user_1997,finance,twitter,2024-04-19
journey koncham tiring ga undi,user_1431,travel,facebook,2024-02-17
stock market chala volatile ga undi,user_5824,finance,facebook,2024-04-29
series binge watch chesa,user_3325,entertainment,twitter,2024-03-28
trip ki vellanu chala enjoy chesa,user_4153,travel,instagram,2024-04-25
healthy food tinadam start chesa,user_4348,health,instagram,2024-06-19
songs vinadam relax istundi,user_6038,entertainment,instagram,2024-06-18
new places explore cheyadam ishtam,user_4388,travel,instagram,2024-01-31
match last over lo twist ochindi,user_5040,sports,instagram,2024-01-01
match last over lo twist ochindi,user_3517,sports,facebook,2024-05-27
investment gurinchi nerchukuntunna,user_4842,finance,telegram,2024-05-07
stock market chala volatile ga undi,user_3242,finance,twitter,2024-01-29
cricket match chala exciting ga undi,user_8675,sports,instagram,2024-02-08
beach view amazing ga undi,user_3681,travel,linkedin,2024-04-17
match last over lo twist ochindi,user_9826,sports,facebook,2024-03-07
friends tho outing plan chesam,user_4030,travel,instagram,2024-03-03
diet follow avadam kastam,user_9351,health,youtube,2024-03-07
journey koncham tiring ga undi,user_1617,travel,twitter,2024-04-12
budget plan chesukovali,user_4687,finance,twitter,2024-03-09
friends tho outing plan chesam,user_8172,travel,twitter,2024-06-11
new places explore cheyadam ishtam,user_6656,travel,linkedin,2024-01-11
water ekkuva tagali ani decide ayya,user_1562,health,twitter,2024-06-25
new movie release kosam wait chesthunna,user_4785,entertainment,twitter,2024-05-25
friends tho outing plan chesam,user_5483,travel,youtube,2024-05-04
OTT lo content chala undi,user_4273,entertainment,instagram,2024-04-10
beach view amazing ga undi,user_7867,travel,instagram,2024-03-17
trip ki vellanu chala enjoy chesa,user_8821,travel,twitter,2024-02-27
money save cheyadam important,user_9107,finance,twitter,2024-04-12
morning walk chala refreshing ga undi,user_5638,health,facebook,2024-06-23
water ekkuva tagali ani decide ayya,user_7431,health,twitter,2024-01-20
new movie release kosam wait chesthunna,user_4248,entertainment,instagram,2024-04-20
journey koncham tiring ga undi,user_5433,travel,youtube,2024-01-15
diet follow avadam kastam,user_7941,health,twitter,2024-03-14
trip ki vellanu chala enjoy chesa,user_5537,travel,twitter,2024-06-04
new movie release kosam wait chesthunna,user_1609,entertainment,twitter,2024-05-05
diet follow avadam kastam,user_4059,health,twitter,2024-04-29
journey koncham tiring ga undi,user_7481,travel,instagram,2024-01-21
budget plan chesukovali,user_4406,finance,youtube,2024-04-29
series binge watch chesa,user_7444,entertainment,facebook,2024-04-27
healthy food tinadam start chesa,user_3124,health,twitter,2024-05-20
fitness training start chesanu,user_3398,sports,youtube,2024-01-19
budget plan chesukovali,user_4010,finance,facebook,2024-06-02
friends tho outing plan chesam,user_3342,travel,twitter,2024-05-26
stock market chala volatile ga undi,user_4861,finance,linkedin,2024-05-26
journey koncham tiring ga undi,user_2838,travel,youtube,2024-04-02
OTT lo content chala undi,user_7952,entertainment,telegram,2024-06-18
team performance bagundi,user_6522,sports,facebook,2024-06-05
team performance bagundi,user_9384,sports,linkedin,2024-02-02
trip ki vellanu chala enjoy chesa,user_9526,travel,instagram,2024-02-07
morning walk chala refreshing ga undi,user_8260,health,facebook,2024-02-24
trip ki vellanu chala enjoy chesa,user_2352,travel,instagram,2024-01-05
comedy show chala funny ga undi,user_6258,entertainment,twitter,2024-01-02
diet follow avadam kastam,user_9011,health,instagram,2024-06-29
gym ki regular ga velthunna,user_5710,health,instagram,2024-03-02
morning walk chala refreshing ga undi,user_6773,health,instagram,2024-06-24
expenses control cheyali,user_1321,finance,twitter,2024-02-09
stock market chala volatile ga undi,user_1012,finance,instagram,2024-05-03
healthy food tinadam start chesa,user_2106,health,twitter,2024-04-18
series binge watch chesa,user_2498,entertainment,telegram,2024-03-20
series binge watch chesa,user_9716,entertainment,twitter,2024-03-25
football game super ga aadaru,user_7052,sports,telegram,2024-03-04
money save cheyadam important,user_3919,finance,youtube,2024-06-09
new places explore cheyadam ishtam,user_5064,travel,twitter,2024-04-30
stock market chala volatile ga undi,user_5796,finance,linkedin,2024-03-11
morning walk chala refreshing ga undi,user_4388,health,instagram,2024-03-10
new places explore cheyadam ishtam,user_9602,travel,instagram,2024-06-11
expenses control cheyali,user_6088,finance,facebook,2024-04-10
stock market chala volatile ga undi,user_1107,finance,youtube,2024-06-22
budget plan chesukovali,user_9296,finance,instagram,2024-03-09
expenses control cheyali,user_3385,finance,youtube,2024-05-21
trip ki vellanu chala enjoy chesa,user_9572,travel,youtube,2024-05-15
football game super ga aadaru,user_6081,sports,twitter,2024-01-17
OTT lo content chala undi,user_6001,entertainment,whatsapp,2024-02-21
fitness training start chesanu,user_3446,sports,instagram,2024-02-10
diet follow avadam kastam,user_2006,health,instagram,2024-04-17
team performance bagundi,user_7585,sports,instagram,2024-02-11
series binge watch chesa,user_6790,entertainment,twitter,2024-04-29
friends tho outing plan chesam,user_2815,travel,instagram,2024-04-20
series binge watch chesa,user_8339,entertainment,twitter,2024-03-22
friends tho outing plan chesam,user_1141,travel,telegram,2024-06-09
stock market chala volatile ga undi,user_1401,finance,twitter,2024-01-01
new places explore cheyadam ishtam,user_4080,travel,facebook,2024-02-15
water ekkuva tagali ani decide ayya,user_1287,health,twitter,2024-03-09
series binge watch chesa,user_2994,entertainment,telegram,2024-06-20
team performance bagundi,user_5753,sports,twitter,2024-01-15
friends tho outing plan chesam,user_1758,travel,twitter,2024-05-24
OTT lo content chala undi,user_1318,entertainment,youtube,2024-04-28
football game super ga aadaru,user_5414,sports,facebook,2024-04-26
OTT lo content chala undi,user_5849,entertainment,facebook,2024-06-09
healthy food tinadam start chesa,user_6272,health,youtube,2024-02-12
new movie release kosam wait chesthunna,user_7035,entertainment,whatsapp,2024-03-13
morning walk chala refreshing ga undi,user_7447,health,instagram,2024-01-22
cricket match chala exciting ga undi,user_2376,sports,instagram,2024-06-13
trip ki vellanu chala enjoy chesa,user_2682,travel,twitter,2024-04-08
morning walk chala refreshing ga undi,user_4422,health,instagram,2024-04-03
match last over lo twist ochindi,user_8796,sports,youtube,2024-05-30
investment gurinchi nerchukuntunna,user_9996,finance,twitter,2024-01-02
new movie release kosam wait chesthunna,user_8849,entertainment,twitter,2024-04-20
match last over lo twist ochindi,user_3122,sports,instagram,2024-06-25
morning walk chala refreshing ga undi,user_4530,health,youtube,2024-03-01
money save cheyadam important,user_3722,finance,telegram,2024-02-27
fitness training start chesanu,user_2072,sports,instagram,2024-01-26
morning walk chala refreshing ga undi,user_5462,health,twitter,2024-06-20
beach view amazing ga undi,user_5881,travel,twitter,2024-03-10
money save cheyadam important,user_1342,finance,twitter,2024-02-15
money save cheyadam important,user_5349,finance,instagram,2024-01-04
fitness training start chesanu,user_1584,sports,instagram,2024-05-28
OTT lo content chala undi,user_1204,entertainment,facebook,2024-03-05
beach view amazing ga undi,user_5171,travel,twitter,2024-04-01
new places explore cheyadam ishtam,user_5134,travel,facebook,2024-01-10
friends tho outing plan chesam,user_9717,travel,facebook,2024-04-24
diet follow avadam kastam,user_6233,health,twitter,2024-01-01
OTT lo content chala undi,user_1977,entertainment,twitter,2024-06-26
fitness training start chesanu,user_2991,sports,twitter,2024-04-11
songs vinadam relax istundi,user_6919,entertainment,instagram,2024-06-20
stock market chala volatile ga undi,user_5998,finance,facebook,2024-03-07
series binge watch chesa,user_8455,entertainment,instagram,2024-03-14
expenses control cheyali,user_9741,finance,youtube,2024-02-29
new movie release kosam wait chesthunna,user_7543,entertainment,linkedin,2024-05-03
beach view amazing ga undi,user_6004,travel,facebook,2024-04-05
match last over lo twist ochindi,user_8646,sports,youtube,2024-06-02
water ekkuva tagali ani decide ayya,user_2606,health,instagram,2024-05-04
new places explore cheyadam ishtam,user_9037,travel,twitter,2024-04-25
friends tho outing plan chesam,user_4714,travel,twitter,2024-04-04
journey koncham tiring ga undi,user_8819,travel,twitter,2024-06-24
beach view amazing ga undi,user_9590,travel,telegram,2024-02-15
match last over lo twist ochindi,user_5833,sports,facebook,2024-03-09
team performance bagundi,user_2347,sports,youtube,2024-03-09
match last over lo twist ochindi,user_7702,sports,linkedin,2024-04-04
investment gurinchi nerchukuntunna,user_4813,finance,whatsapp,2024-01-04
beach view amazing ga undi,user_2944,travel,instagram,2024-05-20
healthy food tinadam start chesa,user_5112,health,youtube,2024-04-14
budget plan chesukovali,user_6222,finance,instagram,2024-03-01
songs vinadam relax istundi,user_6907,entertainment,facebook,2024-01-17
new places explore cheyadam ishtam,user_3234,travel,instagram,2024-05-25
team performance bagundi,user_8931,sports,twitter,2024-03-30
budget plan chesukovali,user_2793,finance,twitter,2024-06-19
stock market chala volatile ga undi,user_9120,finance,facebook,2024-02-24
fitness training start chesanu,user_6527,sports,instagram,2024-03-02
healthy food tinadam start chesa,user_5867,health,instagram,2024-05-10
healthy food tinadam start chesa,user_5810,health,twitter,2024-05-19
new places explore cheyadam ishtam,user_1001,travel,youtube,2024-06-09
journey koncham tiring ga undi,user_7234,travel,youtube,2024-03-23
new movie release kosam wait chesthunna,user_8124,entertainment,instagram,2024-05-23
trip ki vellanu chala enjoy chesa,user_9423,travel,telegram,2024-04-05
beach view amazing ga undi,user_4281,travel,twitter,2024-03-17
money save cheyadam important,user_6429,finance,twitter,2024-02-05
stock market chala volatile ga undi,user_2211,finance,instagram,2024-05-24
cricket match chala exciting ga undi,user_3162,sports,instagram,2024-04-24
trip ki vellanu chala enjoy chesa,user_3047,travel,instagram,2024-01-26
comedy show chala funny ga undi,user_5094,entertainment,instagram,2024-03-12
friends tho outing plan chesam,user_5548,travel,facebook,2024-01-31
new movie release kosam wait chesthunna,user_9026,entertainment,telegram,2024-03-16
healthy food tinadam start chesa,user_5864,health,facebook,2024-03-20
comedy show chala funny ga undi,user_7935,entertainment,instagram,2024-03-28
match last over lo twist ochindi,user_6172,sports,instagram,2024-06-13
songs vinadam relax istundi,user_6015,entertainment,twitter,2024-01-14
series binge watch chesa,user_7718,entertainment,instagram,2024-06-21
investment gurinchi nerchukuntunna,user_2767,finance,twitter,2024-05-20
comedy show chala funny ga undi,user_7922,entertainment,twitter,2024-01-13
friends tho outing plan chesam,user_3529,travel,twitter,2024-06-01
match last over lo twist ochindi,user_3860,sports,telegram,2024-05-05
healthy food tinadam start chesa,user_2925,health,telegram,2024-03-14
journey koncham tiring ga undi,user_3641,travel,twitter,2024-05-11
gym ki regular ga velthunna,user_4073,health,instagram,2024-01-18
expenses control cheyali,user_3724,finance,twitter,2024-06-13
investment gurinchi nerchukuntunna,user_7965,finance,facebook,2024-04-25
investment gurinchi nerchukuntunna,user_5116,finance,twitter,2024-03-03
series binge watch chesa,user_6915,entertainment,twitter,2024-02-28
expenses control cheyali,user_5744,finance,facebook,2024-05-05
stock market chala volatile ga undi,user_9301,finance,twitter,2024-06-16
new movie release kosam wait chesthunna,user_8413,entertainment,telegram,2024-05-10
songs vinadam relax istundi,user_1169,entertainment,telegram,2024-03-26
OTT lo content chala undi,user_1703,entertainment,instagram,2024-01-05
morning walk chala refreshing ga undi,user_9842,health,instagram,2024-05-31
match last over lo twist ochindi,user_4179,sports,instagram,2024-06-17
journey koncham tiring ga undi,user_4400,travel,twitter,2024-01-31
team performance bagundi,user_5912,sports,instagram,2024-01-23
journey koncham tiring ga undi,user_7558,travel,linkedin,2024-06-13
stock market chala volatile ga undi,user_7856,finance,instagram,2024-01-27
diet follow avadam kastam,user_8799,health,youtube,2024-06-11
comedy show chala funny ga undi,user_7868,entertainment,instagram,2024-01-06
songs vinadam relax istundi,user_3397,entertainment,youtube,2024-02-03
football game super ga aadaru,user_2861,sports,twitter,2024-01-29
cricket match chala exciting ga undi,user_4820,sports,twitter,2024-04-19
friends tho outing plan chesam,user_1408,travel,twitter,2024-06-01
diet follow avadam kastam,user_9694,health,instagram,2024-03-19
gym ki regular ga velthunna,user_3842,health,instagram,2024-05-12
OTT lo content chala undi,user_1119,entertainment,instagram,2024-06-18
match last over lo twist ochindi,user_5748,sports,youtube,2024-04-15
morning walk chala refreshing ga undi,user_7581,health,instagram,2024-05-20
football game super ga aadaru,user_9491,sports,twitter,2024-03-01
investment gurinchi nerchukuntunna,user_8709,finance,instagram,2024-01-01
water ekkuva tagali ani decide ayya,user_4060,health,twitter,2024-03-23
comedy show chala funny ga undi,user_8429,entertainment,instagram,2024-05-10
stock market chala volatile ga undi,user_5876,finance,telegram,2024-01-26
team performance bagundi,user_8493,sports,telegram,2024-06-26
new places explore cheyadam ishtam,user_5849,travel,whatsapp,2024-04-29
series binge watch chesa,user_8502,entertainment,instagram,2024-02-24
water ekkuva tagali ani decide ayya,user_7043,health,instagram,2024-06-23
water ekkuva tagali ani decide ayya,user_9053,health,instagram,2024-03-22
budget plan chesukovali,user_2860,finance,facebook,2024-03-06
healthy food tinadam start chesa,user_5420,health,instagram,2024-01-25
stock market chala volatile ga undi,user_1609,finance,twitter,2024-03-20
team performance bagundi,user_3762,sports,twitter,2024-01-27
water ekkuva tagali ani decide ayya,user_9051,health,whatsapp,2024-06-14
healthy food tinadam start chesa,user_2793,health,twitter,2024-06-10
investment gurinchi nerchukuntunna,user_7584,finance,twitter,2024-04-21
journey koncham tiring ga undi,user_3026,travel,instagram,2024-01-20
budget plan chesukovali,user_3701,finance,twitter,2024-01-25
healthy food tinadam start chesa,user_6437,health,instagram,2024-06-28
comedy show chala funny ga undi,user_3956,entertainment,twitter,2024-04-02
friends tho outing plan chesam,user_4223,travel,facebook,2024-05-19
budget plan chesukovali,user_2474,finance,twitter,2024-06-03
trip ki vellanu chala enjoy chesa,user_1050,travel,facebook,2024-06-07
water ekkuva tagali ani decide ayya,user_6056,health,facebook,2024-06-01
diet follow avadam kastam,user_6858,health,instagram,2024-03-16
friends tho outing plan chesam,user_1448,travel,instagram,2024-03-02
stock market chala volatile ga undi,user_8979,finance,facebook,2024-02-19
match last over lo twist ochindi,user_1624,sports,whatsapp,2024-05-08
diet follow avadam kastam,user_3779,health,twitter,2024-02-22
beach view amazing ga undi,user_5303,travel,whatsapp,2024-03-18
team performance bagundi,user_5351,sports,facebook,2024-02-21
gym ki regular ga velthunna,user_7152,health,twitter,2024-03-11
investment gurinchi nerchukuntunna,user_9306,finance,instagram,2024-02-22
songs vinadam relax istundi,user_3962,entertainment,instagram,2024-01-18
team performance bagundi,user_9239,sports,facebook,2024-06-15
stock market chala volatile ga undi,user_6048,finance,twitter,2024-02-20
healthy food tinadam start chesa,user_5080,health,facebook,2024-01-23
gym ki regular ga velthunna,user_3652,health,twitter,2024-04-28
team performance bagundi,user_4357,sports,instagram,2024-06-13
budget plan chesukovali,user_7723,finance,twitter,2024-04-22
diet follow avadam kastam,user_5510,health,instagram,2024-06-19
healthy food tinadam start chesa,user_1598,health,youtube,2024-03-13
team performance bagundi,user_1174,sports,twitter,2024-04-05
water ekkuva tagali ani decide ayya,user_3938,health,telegram,2024-05-17
new movie release kosam wait chesthunna,user_8592,entertainment,instagram,2024-02-25
journey koncham tiring ga undi,user_2233,travel,twitter,2024-05-25
expenses control cheyali,user_4672,finance,linkedin,2024-04-04
expenses control cheyali,user_5249,finance,twitter,2024-05-02
comedy show chala funny ga undi,user_6365,entertainment,telegram,2024-03-29
series binge watch chesa,user_7901,entertainment,twitter,2024-01-27
OTT lo content chala undi,user_8368,entertainment,whatsapp,2024-06-11
team performance bagundi,user_8329,sports,twitter,2024-05-21
songs vinadam relax istundi,user_1143,entertainment,instagram,2024-01-07
healthy food tinadam start chesa,user_7162,health,instagram,2024-05-10
new places explore cheyadam ishtam,user_8969,travel,facebook,2024-04-19
new places explore cheyadam ishtam,user_1754,travel,youtube,2024-02-16
journey koncham tiring ga undi,user_9447,travel,twitter,2024-02-12
new movie release kosam wait chesthunna,user_1946,entertainment,youtube,2024-03-31
gym ki regular ga velthunna,user_6569,health,youtube,2024-05-01
series binge watch chesa,user_5718,entertainment,twitter,2024-06-08
songs vinadam relax istundi,user_1183,entertainment,twitter,2024-03-29
fitness training start chesanu,user_1098,sports,twitter,2024-06-04
new movie release kosam wait chesthunna,user_4114,entertainment,whatsapp,2024-02-23
expenses control cheyali,user_9663,finance,twitter,2024-03-23
songs vinadam relax istundi,user_9710,entertainment,instagram,2024-04-13
songs vinadam relax istundi,user_3365,entertainment,twitter,2024-06-09
beach view amazing ga undi,user_6900,travel,instagram,2024-06-06
healthy food tinadam start chesa,user_2446,health,instagram,2024-01-15
trip ki vellanu chala enjoy chesa,user_9807,travel,twitter,2024-03-24
gym ki regular ga velthunna,user_3097,health,twitter,2024-03-12
water ekkuva tagali ani decide ayya,user_1917,health,instagram,2024-01-06
journey koncham tiring ga undi,user_4959,travel,twitter,2024-04-10
gym ki regular ga velthunna,user_9620,health,facebook,2024-04-05
songs vinadam relax istundi,user_4209,entertainment,instagram,2024-02-02
team performance bagundi,user_5857,sports,whatsapp,2024-06-20
songs vinadam relax istundi,user_8133,entertainment,twitter,2024-01-31
match last over lo twist ochindi,user_6757,sports,twitter,2024-05-18
friends tho outing plan chesam,user_4235,travel,youtube,2024-06-24
morning walk chala refreshing ga undi,user_3235,health,twitter,2024-04-09
match last over lo twist ochindi,user_9660,sports,twitter,2024-04-06
cricket match chala exciting ga undi,user_4995,sports,twitter,2024-04-19
OTT lo content chala undi,user_9161,entertainment,youtube,2024-01-26
beach view amazing ga undi,user_8330,travel,facebook,2024-06-19
new movie release kosam wait chesthunna,user_8664,entertainment,telegram,2024-04-26
fitness training start chesanu,user_4859,sports,facebook,2024-04-21
comedy show chala funny ga undi,user_4470,entertainment,instagram,2024-03-08
match last over lo twist ochindi,user_8956,sports,twitter,2024-05-05
water ekkuva tagali ani decide ayya,user_3779,health,instagram,2024-03-10
investment gurinchi nerchukuntunna,user_6270,finance,twitter,2024-01-18
new movie release kosam wait chesthunna,user_6852,entertainment,facebook,2024-05-25
water ekkuva tagali ani decide ayya,user_3583,health,youtube,2024-03-18
songs vinadam relax istundi,user_1514,entertainment,instagram,2024-01-31
series binge watch chesa,user_5450,entertainment,telegram,2024-04-05
new places explore cheyadam ishtam,user_1195,travel,twitter,2024-05-31
songs vinadam relax istundi,user_3632,entertainment,instagram,2024-05-26
trip ki vellanu chala enjoy chesa,user_1107,travel,facebook,2024-05-24
stock market chala volatile ga undi,user_3003,finance,instagram,2024-03-09
expenses control cheyali,user_6239,finance,instagram,2024-02-10
water ekkuva tagali ani decide ayya,user_7077,health,telegram,2024-05-01
comedy show chala funny ga undi,user_7808,entertainment,linkedin,2024-02-21
new places explore cheyadam ishtam,user_6789,travel,telegram,2024-02-17
budget plan chesukovali,user_3662,finance,instagram,2024-05-05
comedy show chala funny ga undi,user_1753,entertainment,instagram,2024-06-28
cricket match chala exciting ga undi,user_7798,sports,instagram,2024-06-24
gym ki regular ga velthunna,user_9262,health,youtube,2024-06-06
series binge watch chesa,user_2628,entertainment,instagram,2024-05-21
stock market chala volatile ga undi,user_3085,finance,youtube,2024-06-24
healthy food tinadam start chesa,user_6824,health,twitter,2024-04-03
gym ki regular ga velthunna,user_9480,health,twitter,2024-03-06
water ekkuva tagali ani decide ayya,user_3196,health,instagram,2024-05-29
match last over lo twist ochindi,user_8313,sports,twitter,2024-03-19
new places explore cheyadam ishtam,user_3368,travel,instagram,2024-03-09
gym ki regular ga velthunna,user_2325,health,facebook,2024-05-07
OTT lo content chala undi,user_9107,entertainment,instagram,2024-02-07
football game super ga aadaru,user_9728,sports,telegram,2024-01-30
fitness training start chesanu,user_5978,sports,whatsapp,2024-02-27
match last over lo twist ochindi,user_9976,sports,twitter,2024-06-21
healthy food tinadam start chesa,user_6713,health,instagram,2024-04-15
beach view amazing ga undi,user_2726,travel,youtube,2024-06-20
journey koncham tiring ga undi,user_6269,travel,twitter,2024-05-05
diet follow avadam kastam,user_9656,health,telegram,2024-01-23
OTT lo content chala undi,user_3413,entertainment,telegram,2024-01-20
match last over lo twist ochindi,user_6646,sports,twitter,2024-02-05
investment gurinchi nerchukuntunna,user_5703,finance,youtube,2024-03-03
team performance bagundi,user_3027,sports,whatsapp,2024-06-20
healthy food tinadam start chesa,user_8724,health,linkedin,2024-04-13
healthy food tinadam start chesa,user_8206,health,instagram,2024-01-18
trip ki vellanu chala enjoy chesa,user_3070,travel,twitter,2024-01-29
series binge watch chesa,user_5196,entertainment,whatsapp,2024-03-03
diet follow avadam kastam,user_4251,health,telegram,2024-03-05
investment gurinchi nerchukuntunna,user_5173,finance,twitter,2024-04-09
OTT lo content chala undi,user_4615,entertainment,twitter,2024-01-02
expenses control cheyali,user_5525,finance,instagram,2024-01-27
budget plan chesukovali,user_9723,finance,instagram,2024-04-19
friends tho outing plan chesam,user_8178,travel,twitter,2024-04-22
fitness training start chesanu,user_3449,sports,telegram,2024-01-01
journey koncham tiring ga undi,user_1743,travel,twitter,2024-05-06
new places explore cheyadam ishtam,user_1172,travel,youtube,2024-01-14
investment gurinchi nerchukuntunna,user_9172,finance,twitter,2024-02-20
water ekkuva tagali ani decide ayya,user_1780,health,youtube,2024-05-07
budget plan chesukovali,user_8547,finance,twitter,2024-01-29
series binge watch chesa,user_8448,entertainment,facebook,2024-01-04
series binge watch chesa,user_9994,entertainment,youtube,2024-06-03
team performance bagundi,user_9164,sports,twitter,2024-05-31
diet follow avadam kastam,user_6722,health,twitter,2024-04-19
friends tho outing plan chesam,user_8136,travel,twitter,2024-06-24
water ekkuva tagali ani decide ayya,user_9428,health,instagram,2024-03-28
trip ki vellanu chala enjoy chesa,user_9832,travel,twitter,2024-02-18
cricket match chala exciting ga undi,user_5995,sports,twitter,2024-01-22
morning walk chala refreshing ga undi,user_1470,health,instagram,2024-06-29
series binge watch chesa,user_3871,entertainment,instagram,2024-04-09
water ekkuva tagali ani decide ayya,user_9741,health,whatsapp,2024-06-04
series binge watch chesa,user_2403,entertainment,twitter,2024-01-03
healthy food tinadam start chesa,user_6567,health,twitter,2024-04-28
new places explore cheyadam ishtam,user_2082,travel,twitter,2024-04-28
fitness training start chesanu,user_6442,sports,twitter,2024-04-15
fitness training start chesanu,user_4815,sports,facebook,2024-01-07
cricket match chala exciting ga undi,user_7816,sports,facebook,2024-02-28
morning walk chala refreshing ga undi,user_8772,health,facebook,2024-06-23
comedy show chala funny ga undi,user_7663,entertainment,whatsapp,2024-03-15
fitness training start chesanu,user_2941,sports,whatsapp,2024-04-12
journey koncham tiring ga undi,user_8351,travel,twitter,2024-06-25
comedy show chala funny ga undi,user_9204,entertainment,facebook,2024-03-24
beach view amazing ga undi,user_9366,travel,twitter,2024-05-31
diet follow avadam kastam,user_6936,health,facebook,2024-02-14
money save cheyadam important,user_6903,finance,youtube,2024-05-05
OTT lo content chala undi,user_6163,entertainment,twitter,2024-01-14
money save cheyadam important,user_1026,finance,facebook,2024-02-17
beach view amazing ga undi,user_6148,travel,facebook,2024-04-26
expenses control cheyali,user_7076,finance,twitter,2024-02-18
water ekkuva tagali ani decide ayya,user_5708,health,telegram,2024-02-02
series binge watch chesa,user_9224,entertainment,telegram,2024-04-21
comedy show chala funny ga undi,user_5593,entertainment,whatsapp,2024-04-23
comedy show chala funny ga undi,user_7939,entertainment,twitter,2024-01-23
friends tho outing plan chesam,user_3364,travel,youtube,2024-04-12
money save cheyadam important,user_4114,finance,facebook,2024-05-24
cricket match chala exciting ga undi,user_2862,sports,twitter,2024-06-02
beach view amazing ga undi,user_6566,travel,instagram,2024-05-13
investment gurinchi nerchukuntunna,user_7459,finance,telegram,2024-04-07
friends tho outing plan chesam,user_7388,travel,twitter,2024-06-04
gym ki regular ga velthunna,user_9134,health,twitter,2024-04-17
new movie release kosam wait chesthunna,user_8407,entertainment,twitter,2024-06-22
stock market chala volatile ga undi,user_8478,finance,instagram,2024-02-23
expenses control cheyali,user_8022,finance,twitter,2024-04-15
new movie release kosam wait chesthunna,user_5551,entertainment,telegram,2024-03-01
cricket match chala exciting ga undi,user_2909,sports,instagram,2024-06-10
healthy food tinadam start chesa,user_8480,health,instagram,2024-06-16
match last over lo twist ochindi,user_9284,sports,twitter,2024-06-13
new movie release kosam wait chesthunna,user_1071,entertainment,instagram,2024-06-13
songs vinadam relax istundi,user_9025,entertainment,youtube,2024-04-09
football game super ga aadaru,user_3584,sports,youtube,2024-03-13
journey koncham tiring ga undi,user_6105,travel,instagram,2024-05-09
new places explore cheyadam ishtam,user_8186,travel,facebook,2024-05-30
OTT lo content chala undi,user_1379,entertainment,facebook,2024-04-05
football game super ga aadaru,user_7906,sports,facebook,2024-02-27
OTT lo content chala undi,user_1123,entertainment,facebook,2024-04-20
diet follow avadam kastam,user_1903,health,twitter,2024-04-21
new movie release kosam wait chesthunna,user_4480,entertainment,facebook,2024-05-09
water ekkuva tagali ani decide ayya,user_5460,health,instagram,2024-03-16
match last over lo twist ochindi,user_7240,sports,twitter,2024-03-30
beach view amazing ga undi,user_7088,travel,instagram,2024-05-09
OTT lo content chala undi,user_3063,entertainment,twitter,2024-06-05
friends tho outing plan chesam,user_9772,travel,whatsapp,2024-02-15
trip ki vellanu chala enjoy chesa,user_3072,travel,facebook,2024-01-08
budget plan chesukovali,user_4069,finance,facebook,2024-03-24
trip ki vellanu chala enjoy chesa,user_9930,travel,youtube,2024-01-25
cricket match chala exciting ga undi,user_4894,sports,instagram,2024-01-01
team performance bagundi,user_2016,sports,whatsapp,2024-04-11
match last over lo twist ochindi,user_1568,sports,twitter,2024-02-03
beach view amazing ga undi,user_9836,travel,twitter,2024-02-06
fitness training start chesanu,user_1079,sports,twitter,2024-05-25
stock market chala volatile ga undi,user_4840,finance,instagram,2024-04-04
trip ki vellanu chala enjoy chesa,user_7692,travel,twitter,2024-02-06
cricket match chala exciting ga undi,user_1585,sports,instagram,2024-02-19
stock market chala volatile ga undi,user_4563,finance,twitter,2024-05-24
comedy show chala funny ga undi,user_9323,entertainment,instagram,2024-06-06
beach view amazing ga undi,user_9356,travel,instagram,2024-03-20
match last over lo twist ochindi,user_3264,sports,twitter,2024-01-14
cricket match chala exciting ga undi,user_9478,sports,instagram,2024-04-26
water ekkuva tagali ani decide ayya,user_8076,health,instagram,2024-04-14
diet follow avadam kastam,user_6235,health,instagram,2024-02-06
cricket match chala exciting ga undi,user_2778,sports,twitter,2024-04-13
new movie release kosam wait chesthunna,user_6778,entertainment,twitter,2024-01-13
cricket match chala exciting ga undi,user_1079,sports,facebook,2024-02-15
journey koncham tiring ga undi,user_8484,travel,facebook,2024-03-21
series binge watch chesa,user_1179,entertainment,facebook,2024-05-13
healthy food tinadam start chesa,user_2820,health,twitter,2024-03-31
new movie release kosam wait chesthunna,user_5263,entertainment,facebook,2024-03-21
football game super ga aadaru,user_1879,sports,facebook,2024-02-06
stock market chala volatile ga undi,user_5822,finance,instagram,2024-04-06
series binge watch chesa,user_4908,entertainment,instagram,2024-06-08
beach view amazing ga undi,user_4298,travel,facebook,2024-06-01
money save cheyadam important,user_1448,finance,facebook,2024-01-09
OTT lo content chala undi,user_4580,entertainment,instagram,2024-03-07
morning walk chala refreshing ga undi,user_6856,health,twitter,2024-03-12
diet follow avadam kastam,user_5796,health,youtube,2024-01-27
stock market chala volatile ga undi,user_2367,finance,twitter,2024-02-20
beach view amazing ga undi,user_7063,travel,instagram,2024-03-18
morning walk chala refreshing ga undi,user_3670,health,telegram,2024-05-06
new places explore cheyadam ishtam,user_5531,travel,facebook,2024-06-06
cricket match chala exciting ga undi,user_7847,sports,instagram,2024-06-12
investment gurinchi nerchukuntunna,user_1671,finance,instagram,2024-01-20
football game super ga aadaru,user_3135,sports,instagram,2024-06-06
match last over lo twist ochindi,user_6161,sports,facebook,2024-01-07
money save cheyadam important,user_9446,finance,twitter,2024-01-13
water ekkuva tagali ani decide ayya,user_8507,health,instagram,2024-04-03
fitness training start chesanu,user_2749,sports,twitter,2024-01-01
beach view amazing ga undi,user_4273,travel,telegram,2024-03-07
beach view amazing ga undi,user_5113,travel,youtube,2024-01-26
beach view amazing ga undi,user_2188,travel,youtube,2024-02-16
journey koncham tiring ga undi,user_7977,travel,twitter,2024-03-11
beach view amazing ga undi,user_1636,travel,telegram,2024-01-18
expenses control cheyali,user_8077,finance,facebook,2024-04-04
team performance bagundi,user_6970,sports,telegram,2024-02-05
match last over lo twist ochindi,user_9995,sports,telegram,2024-05-21
new places explore cheyadam ishtam,user_1607,travel,instagram,2024-05-23
friends tho outing plan chesam,user_9167,travel,instagram,2024-01-09
trip ki vellanu chala enjoy chesa,user_8971,travel,twitter,2024-02-22
fitness training start chesanu,user_2604,sports,facebook,2024-01-07
cricket match chala exciting ga undi,user_9606,sports,instagram,2024-06-07
journey koncham tiring ga undi,user_4798,travel,twitter,2024-06-17
beach view amazing ga undi,user_3768,travel,twitter,2024-03-25
journey koncham tiring ga undi,user_5347,travel,twitter,2024-06-18
budget plan chesukovali,user_2262,finance,instagram,2024-01-05
journey koncham tiring ga undi,user_9278,travel,twitter,2024-05-30
team performance bagundi,user_7738,sports,twitter,2024-04-29
football game super ga aadaru,user_9660,sports,telegram,2024-01-29
healthy food tinadam start chesa,user_4410,health,instagram,2024-03-27
gym ki regular ga velthunna,user_5810,health,twitter,2024-04-27
football game super ga aadaru,user_8701,sports,twitter,2024-03-27
healthy food tinadam start chesa,user_8897,health,instagram,2024-02-11
new places explore cheyadam ishtam,user_8074,travel,facebook,2024-01-22
investment gurinchi nerchukuntunna,user_3562,finance,instagram,2024-06-20
beach view amazing ga undi,user_9007,travel,twitter,2024-03-24
new places explore cheyadam ishtam,user_2216,travel,instagram,2024-03-29
investment gurinchi nerchukuntunna,user_6365,finance,instagram,2024-05-16
healthy food tinadam start chesa,user_3041,health,twitter,2024-04-25
songs vinadam relax istundi,user_9675,entertainment,twitter,2024-06-21
cricket match chala exciting ga undi,user_7106,sports,facebook,2024-05-19
series binge watch chesa,user_9286,entertainment,instagram,2024-02-17
journey koncham tiring ga undi,user_6557,travel,twitter,2024-06-04
trip ki vellanu chala enjoy chesa,user_2923,travel,twitter,2024-06-15
trip ki vellanu chala enjoy chesa,user_8571,travel,instagram,2024-02-25
new movie release kosam wait chesthunna,user_1908,entertainment,twitter,2024-03-27
series binge watch chesa,user_3422,entertainment,telegram,2024-01-13
gym ki regular ga velthunna,user_3434,health,facebook,2024-02-12
money save cheyadam important,user_1009,finance,facebook,2024-05-02
water ekkuva tagali ani decide ayya,user_6034,health,instagram,2024-02-24
team performance bagundi,user_5853,sports,facebook,2024-01-16
healthy food tinadam start chesa,user_8897,health,twitter,2024-06-23
team performance bagundi,user_2870,sports,twitter,2024-05-23
water ekkuva tagali ani decide ayya,user_2683,health,twitter,2024-04-11
healthy food tinadam start chesa,user_4610,health,twitter,2024-01-23
OTT lo content chala undi,user_7069,entertainment,instagram,2024-02-06
journey koncham tiring ga undi,user_4224,travel,instagram,2024-06-13
cricket match chala exciting ga undi,user_1321,sports,instagram,2024-04-05
budget plan chesukovali,user_7924,finance,twitter,2024-02-15
journey koncham tiring ga undi,user_2520,travel,instagram,2024-02-28
beach view amazing ga undi,user_4498,travel,twitter,2024-01-20
morning walk chala refreshing ga undi,user_6271,health,instagram,2024-04-05
trip ki vellanu chala enjoy chesa,user_4235,travel,twitter,2024-03-26
gym ki regular ga velthunna,user_9014,health,instagram,2024-01-04
songs vinadam relax istundi,user_3167,entertainment,facebook,2024-01-28
water ekkuva tagali ani decide ayya,user_6215,health,instagram,2024-04-18
journey koncham tiring ga undi,user_1057,travel,twitter,2024-02-25
songs vinadam relax istundi,user_9588,entertainment,telegram,2024-03-06
cricket match chala exciting ga undi,user_5660,sports,instagram,2024-04-10
gym ki regular ga velthunna,user_8228,health,instagram,2024-01-26
expenses control cheyali,user_8042,finance,instagram,2024-02-28
morning walk chala refreshing ga undi,user_8408,health,youtube,2024-06-27
journey koncham tiring ga undi,user_7366,travel,facebook,2024-03-19
comedy show chala funny ga undi,user_7910,entertainment,youtube,2024-05-05
comedy show chala funny ga undi,user_9362,entertainment,telegram,2024-05-13
match last over lo twist ochindi,user_1582,sports,twitter,2024-03-27
football game super ga aadaru,user_6007,sports,twitter,2024-04-22
stock market chala volatile ga undi,user_2615,finance,instagram,2024-06-28
gym ki regular ga velthunna,user_6939,health,instagram,2024-06-02
OTT lo content chala undi,user_6146,entertainment,twitter,2024-05-20
trip ki vellanu chala enjoy chesa,user_9506,travel,twitter,2024-03-08
series binge watch chesa,user_5477,entertainment,telegram,2024-04-18
expenses control cheyali,user_7993,finance,instagram,2024-06-28
morning walk chala refreshing ga undi,user_9434,health,youtube,2024-05-19
football game super ga aadaru,user_2890,sports,twitter,2024-02-13
friends tho outing plan chesam,user_4989,travel,instagram,2024-06-25
trip ki vellanu chala enjoy chesa,user_2468,travel,instagram,2024-02-16
trip ki vellanu chala enjoy chesa,user_5673,travel,instagram,2024-03-22
gym ki regular ga velthunna,user_4981,health,twitter,2024-05-03
friends tho outing plan chesam,user_9636,travel,twitter,2024-01-20
beach view amazing ga undi,user_3151,travel,instagram,2024-01-16
investment gurinchi nerchukuntunna,user_1598,finance,instagram,2024-05-08
beach view amazing ga undi,user_1369,travel,linkedin,2024-06-01
morning walk chala refreshing ga undi,user_4817,health,twitter,2024-03-03
cricket match chala exciting ga undi,user_7044,sports,twitter,2024-04-22
beach view amazing ga undi,user_5627,travel,facebook,2024-06-08
journey koncham tiring ga undi,user_3074,travel,telegram,2024-02-06
fitness training start chesanu,user_2571,sports,facebook,2024-04-16
investment gurinchi nerchukuntunna,user_2318,finance,facebook,2024-05-06
beach view amazing ga undi,user_3223,travel,twitter,2024-03-22
trip ki vellanu chala enjoy chesa,user_2037,travel,instagram,2024-03-25
beach view amazing ga undi,user_1058,travel,youtube,2024-01-27
OTT lo content chala undi,user_8377,entertainment,facebook,2024-03-28
fitness training start chesanu,user_1851,sports,youtube,2024-04-23
expenses control cheyali,user_7064,finance,youtube,2024-06-17
beach view amazing ga undi,user_2681,travel,youtube,2024-02-29
series binge watch chesa,user_1795,entertainment,whatsapp,2024-02-16
expenses control cheyali,user_9610,finance,facebook,2024-01-10
songs vinadam relax istundi,user_6457,entertainment,twitter,2024-05-13
OTT lo content chala undi,user_1351,entertainment,twitter,2024-04-14
friends tho outing plan chesam,user_4464,travel,twitter,2024-04-17
friends tho outing plan chesam,user_2152,travel,twitter,2024-01-22
stock market chala volatile ga undi,user_7877,finance,twitter,2024-06-01
investment gurinchi nerchukuntunna,user_6082,finance,twitter,2024-02-17
expenses control cheyali,user_2224,finance,instagram,2024-03-09
comedy show chala funny ga undi,user_9477,entertainment,twitter,2024-02-09
friends tho outing plan chesam,user_6518,travel,facebook,2024-01-24
stock market chala volatile ga undi,user_6240,finance,youtube,2024-06-21
stock market chala volatile ga undi,user_8398,finance,instagram,2024-06-09
football game super ga aadaru,user_3357,sports,twitter,2024-03-11
fitness training start chesanu,user_2838,sports,facebook,2024-02-25
budget plan chesukovali,user_1972,finance,twitter,2024-01-28
water ekkuva tagali ani decide ayya,user_1367,health,twitter,2024-06-07
songs vinadam relax istundi,user_5802,entertainment,linkedin,2024-01-31
expenses control cheyali,user_7366,finance,twitter,2024-06-13
investment gurinchi nerchukuntunna,user_7551,finance,instagram,2024-02-26
investment gurinchi nerchukuntunna,user_1628,finance,twitter,2024-05-17
fitness training start chesanu,user_2169,sports,telegram,2024-01-01
comedy show chala funny ga undi,user_1060,entertainment,instagram,2024-05-09
beach view amazing ga undi,user_5153,travel,instagram,2024-06-14
investment gurinchi nerchukuntunna,user_8613,finance,instagram,2024-01-31
trip ki vellanu chala enjoy chesa,user_1454,travel,youtube,2024-01-27
new movie release kosam wait chesthunna,user_1616,entertainment,twitter,2024-06-25
new movie release kosam wait chesthunna,user_3280,entertainment,linkedin,2024-06-02
new places explore cheyadam ishtam,user_7691,travel,facebook,2024-03-11
friends tho outing plan chesam,user_8727,travel,twitter,2024-05-23
diet follow avadam kastam,user_7932,health,instagram,2024-05-27
comedy show chala funny ga undi,user_9471,entertainment,twitter,2024-04-04
songs vinadam relax istundi,user_4750,entertainment,facebook,2024-05-10
football game super ga aadaru,user_8093,sports,twitter,2024-01-07
comedy show chala funny ga undi,user_7181,entertainment,instagram,2024-02-01
team performance bagundi,user_9847,sports,facebook,2024-01-06
expenses control cheyali,user_6306,finance,twitter,2024-04-27
songs vinadam relax istundi,user_1271,entertainment,linkedin,2024-05-23
songs vinadam relax istundi,user_4037,entertainment,facebook,2024-05-21
team performance bagundi,user_6342,sports,instagram,2024-01-30
series binge watch chesa,user_6887,entertainment,twitter,2024-02-05
songs vinadam relax istundi,user_5624,entertainment,facebook,2024-01-22
new movie release kosam wait chesthunna,user_8616,entertainment,facebook,2024-03-24
gym ki regular ga velthunna,user_1155,health,twitter,2024-02-12
new places explore cheyadam ishtam,user_8080,travel,instagram,2024-03-07
beach view amazing ga undi,user_2085,travel,twitter,2024-06-16
cricket match chala exciting ga undi,user_3528,sports,facebook,2024-03-05
stock market chala volatile ga undi,user_5286,finance,instagram,2024-02-21
water ekkuva tagali ani decide ayya,user_1861,health,twitter,2024-02-06
OTT lo content chala undi,user_9219,entertainment,youtube,2024-03-12
journey koncham tiring ga undi,user_5533,travel,twitter,2024-03-26
football game super ga aadaru,user_5187,sports,twitter,2024-04-26
series binge watch chesa,user_7955,entertainment,instagram,2024-05-12
diet follow avadam kastam,user_8008,health,instagram,2024-03-29
new places explore cheyadam ishtam,user_6298,travel,instagram,2024-06-18
stock market chala volatile ga undi,user_4017,finance,instagram,2024-06-15
water ekkuva tagali ani decide ayya,user_4686,health,twitter,2024-04-03
fitness training start chesanu,user_5973,sports,youtube,2024-03-22
match last over lo twist ochindi,user_3119,sports,telegram,2024-05-27
football game super ga aadaru,user_1967,sports,twitter,2024-04-02
money save cheyadam important,user_5872,finance,telegram,2024-02-13
water ekkuva tagali ani decide ayya,user_9938,health,instagram,2024-05-13
OTT lo content chala undi,user_6219,entertainment,instagram,2024-04-30
friends tho outing plan chesam,user_4241,travel,facebook,2024-04-19
fitness training start chesanu,user_6756,sports,instagram,2024-04-09
gym ki regular ga velthunna,user_5785,health,instagram,2024-04-21
investment gurinchi nerchukuntunna,user_8928,finance,instagram,2024-03-06
journey koncham tiring ga undi,user_8880,travel,twitter,2024-01-01
fitness training start chesanu,user_9387,sports,twitter,2024-03-12
money save cheyadam important,user_5881,finance,facebook,2024-02-28
money save cheyadam important,user_4473,finance,instagram,2024-02-17
series binge watch chesa,user_5946,entertainment,telegram,2024-02-13
match last over lo twist ochindi,user_2571,sports,instagram,2024-06-07
friends tho outing plan chesam,user_3927,travel,instagram,2024-03-12
new movie release kosam wait chesthunna,user_9994,entertainment,twitter,2024-01-17
stock market chala volatile ga undi,user_6099,finance,instagram,2024-05-05
new movie release kosam wait chesthunna,user_4609,entertainment,facebook,2024-03-15
expenses control cheyali,user_9377,finance,twitter,2024-04-15
match last over lo twist ochindi,user_3791,sports,facebook,2024-03-10
diet follow avadam kastam,user_8146,health,twitter,2024-03-02
trip ki vellanu chala enjoy chesa,user_5405,travel,youtube,2024-05-08
morning walk chala refreshing ga undi,user_7249,health,facebook,2024-02-18
series binge watch chesa,user_3778,entertainment,twitter,2024-06-28
match last over lo twist ochindi,user_9131,sports,facebook,2024-06-12
money save cheyadam important,user_3966,finance,youtube,2024-04-23
money save cheyadam important,user_1384,finance,youtube,2024-05-29
water ekkuva tagali ani decide ayya,user_6883,health,facebook,2024-04-03
diet follow avadam kastam,user_2890,health,instagram,2024-01-08
expenses control cheyali,user_3077,finance,instagram,2024-06-10
series binge watch chesa,user_8478,entertainment,instagram,2024-01-14
football game super ga aadaru,user_5087,sports,facebook,2024-04-14
journey koncham tiring ga undi,user_1354,travel,facebook,2024-04-20
comedy show chala funny ga undi,user_1214,entertainment,instagram,2024-06-03
gym ki regular ga velthunna,user_2897,health,facebook,2024-04-02
fitness training start chesanu,user_5525,sports,instagram,2024-01-16
investment gurinchi nerchukuntunna,user_7351,finance,twitter,2024-02-09
friends tho outing plan chesam,user_7439,travel,twitter,2024-02-10
trip ki vellanu chala enjoy chesa,user_6475,travel,twitter,2024-01-03
friends tho outing plan chesam,user_1099,travel,instagram,2024-03-10
morning walk chala refreshing ga undi,user_4531,health,facebook,2024-04-26
investment gurinchi nerchukuntunna,user_6734,finance,youtube,2024-01-27
football game super ga aadaru,user_6117,sports,twitter,2024-04-15
cricket match chala exciting ga undi,user_1342,sports,twitter,2024-04-27
OTT lo content chala undi,user_6152,entertainment,youtube,2024-04-18
team performance bagundi,user_6380,sports,facebook,2024-05-28
investment gurinchi nerchukuntunna,user_9259,finance,telegram,2024-01-12
series binge watch chesa,user_2727,entertainment,youtube,2024-04-30
healthy food tinadam start chesa,user_5948,health,twitter,2024-03-29
money save cheyadam important,user_4840,finance,instagram,2024-02-23
stock market chala volatile ga undi,user_6502,finance,instagram,2024-04-15
match last over lo twist ochindi,user_5980,sports,instagram,2024-01-13
diet follow avadam kastam,user_2807,health,twitter,2024-02-03
cricket match chala exciting ga undi,user_9223,sports,youtube,2024-02-08
budget plan chesukovali,user_2309,finance,twitter,2024-05-18
expenses control cheyali,user_8602,finance,whatsapp,2024-03-23
match last over lo twist ochindi,user_7404,sports,instagram,2024-05-04
OTT lo content chala undi,user_2178,entertainment,facebook,2024-01-24
stock market chala volatile ga undi,user_9091,finance,twitter,2024-04-02
friends tho outing plan chesam,user_4053,travel,instagram,2024-05-05
diet follow avadam kastam,user_2572,health,twitter,2024-04-03
investment gurinchi nerchukuntunna,user_2884,finance,facebook,2024-03-01
cricket match chala exciting ga undi,user_4312,sports,instagram,2024-04-15
beach view amazing ga undi,user_9456,travel,instagram,2024-01-06
series binge watch chesa,user_7010,entertainment,facebook,2024-01-27
water ekkuva tagali ani decide ayya,user_8547,health,facebook,2024-04-04
gym ki regular ga velthunna,user_8762,health,twitter,2024-01-21
team performance bagundi,user_9919,sports,instagram,2024-03-17
fitness training start chesanu,user_8678,sports,youtube,2024-06-30
morning walk chala refreshing ga undi,user_9536,health,facebook,2024-03-30
money save cheyadam important,user_6206,finance,facebook,2024-05-07
budget plan chesukovali,user_1568,finance,twitter,2024-02-25
journey koncham tiring ga undi,user_8801,travel,facebook,2024-05-13
match last over lo twist ochindi,user_2266,sports,facebook,2024-06-19
stock market chala volatile ga undi,user_5200,finance,twitter,2024-05-12
diet follow avadam kastam,user_8136,health,twitter,2024-05-26
expenses control cheyali,user_2122,finance,facebook,2024-01-06
fitness training start chesanu,user_3769,sports,instagram,2024-03-17
expenses control cheyali,user_1333,finance,facebook,2024-02-11
budget plan chesukovali,user_2296,finance,instagram,2024-04-21
morning walk chala refreshing ga undi,user_2338,health,twitter,2024-04-14
new places explore cheyadam ishtam,user_4137,travel,facebook,2024-01-31
OTT lo content chala undi,user_1303,entertainment,instagram,2024-06-24
healthy food tinadam start chesa,user_7297,health,telegram,2024-03-16
friends tho outing plan chesam,user_2174,travel,twitter,2024-04-01
series binge watch chesa,user_2029,entertainment,twitter,2024-02-10
friends tho outing plan chesam,user_9714,travel,instagram,2024-02-11
budget plan chesukovali,user_4948,finance,twitter,2024-06-11
expenses control cheyali,user_9261,finance,twitter,2024-05-15
friends tho outing plan chesam,user_5095,travel,twitter,2024-03-19
money save cheyadam important,user_7333,finance,instagram,2024-02-23
stock market chala volatile ga undi,user_1029,finance,facebook,2024-05-23
diet follow avadam kastam,user_4927,health,twitter,2024-06-23
money save cheyadam important,user_9642,finance,instagram,2024-04-28
match last over lo twist ochindi,user_8580,sports,twitter,2024-01-23
morning walk chala refreshing ga undi,user_7263,health,facebook,2024-05-29
songs vinadam relax istundi,user_3696,entertainment,twitter,2024-01-31
budget plan chesukovali,user_2524,finance,twitter,2024-04-20
friends tho outing plan chesam,user_2878,travel,twitter,2024-04-17
comedy show chala funny ga undi,user_1941,entertainment,twitter,2024-05-25
series binge watch chesa,user_3122,entertainment,instagram,2024-03-27
investment gurinchi nerchukuntunna,user_1404,finance,facebook,2024-02-05
football game super ga aadaru,user_6057,sports,instagram,2024-04-30
healthy food tinadam start chesa,user_3973,health,twitter,2024-05-03
trip ki vellanu chala enjoy chesa,user_4587,travel,twitter,2024-04-29
songs vinadam relax istundi,user_7831,entertainment,instagram,2024-02-01
fitness training start chesanu,user_5521,sports,twitter,2024-06-21
water ekkuva tagali ani decide ayya,user_9201,health,whatsapp,2024-01-05
money save cheyadam important,user_6684,finance,twitter,2024-02-24
team performance bagundi,user_2041,sports,twitter,2024-05-03
money save cheyadam important,user_9694,finance,youtube,2024-05-31
money save cheyadam important,user_7780,finance,facebook,2024-04-20
healthy food tinadam start chesa,user_8232,health,twitter,2024-04-25
new movie release kosam wait chesthunna,user_1263,entertainment,whatsapp,2024-02-08
comedy show chala funny ga undi,user_3031,entertainment,telegram,2024-06-03
match last over lo twist ochindi,user_5306,sports,twitter,2024-04-09
series binge watch chesa,user_4901,entertainment,youtube,2024-02-02
football game super ga aadaru,user_1564,sports,instagram,2024-01-09
OTT lo content chala undi,user_1637,entertainment,instagram,2024-01-03
series binge watch chesa,user_1358,entertainment,instagram,2024-06-14
friends tho outing plan chesam,user_4945,travel,linkedin,2024-04-30
expenses control cheyali,user_3578,finance,facebook,2024-01-06
new movie release kosam wait chesthunna,user_7623,entertainment,instagram,2024-05-15
money save cheyadam important,user_3043,finance,instagram,2024-03-23
football game super ga aadaru,user_5326,sports,twitter,2024-03-06
football game super ga aadaru,user_6626,sports,twitter,2024-03-06
water ekkuva tagali ani decide ayya,user_8553,health,facebook,2024-06-09
money save cheyadam important,user_8617,finance,twitter,2024-01-20
morning walk chala refreshing ga undi,user_6683,health,instagram,2024-06-03
football game super ga aadaru,user_9374,sports,linkedin,2024-03-11
money save cheyadam important,user_3876,finance,facebook,2024-01-15
new places explore cheyadam ishtam,user_1818,travel,whatsapp,2024-03-13
expenses control cheyali,user_3272,finance,youtube,2024-04-14
investment gurinchi nerchukuntunna,user_4739,finance,youtube,2024-02-24
healthy food tinadam start chesa,user_9957,health,facebook,2024-05-16
series binge watch chesa,user_7752,entertainment,twitter,2024-02-23
diet follow avadam kastam,user_6397,health,twitter,2024-04-03
journey koncham tiring ga undi,user_4581,travel,twitter,2024-02-24
diet follow avadam kastam,user_8695,health,twitter,2024-03-22
cricket match chala exciting ga undi,user_4303,sports,twitter,2024-04-29
water ekkuva tagali ani decide ayya,user_6688,health,youtube,2024-01-16
series binge watch chesa,user_3901,entertainment,linkedin,2024-03-30
healthy food tinadam start chesa,user_5905,health,telegram,2024-04-01
OTT lo content chala undi,user_9053,entertainment,instagram,2024-06-17
match last over lo twist ochindi,user_5589,sports,facebook,2024-02-28
new movie release kosam wait chesthunna,user_7525,entertainment,twitter,2024-03-29
budget plan chesukovali,user_1232,finance,twitter,2024-06-05
fitness training start chesanu,user_4697,sports,twitter,2024-05-07
beach view amazing ga undi,user_4032,travel,instagram,2024-05-30
gym ki regular ga velthunna,user_4903,health,twitter,2024-05-11
stock market chala volatile ga undi,user_7979,finance,twitter,2024-01-12
beach view amazing ga undi,user_5254,travel,twitter,2024-03-16
diet follow avadam kastam,user_9874,health,twitter,2024-02-12
fitness training start chesanu,user_7230,sports,youtube,2024-02-13
beach view amazing ga undi,user_6711,travel,twitter,2024-02-03
beach view amazing ga undi,user_3418,travel,instagram,2024-04-22
friends tho outing plan chesam,user_6041,travel,twitter,2024-03-21
money save cheyadam important,user_4876,finance,youtube,2024-01-17
fitness training start chesanu,user_2560,sports,facebook,2024-04-28
diet follow avadam kastam,user_6612,health,instagram,2024-02-06
OTT lo content chala undi,user_4366,entertainment,linkedin,2024-06-23
match last over lo twist ochindi,user_6899,sports,facebook,2024-01-17
songs vinadam relax istundi,user_4663,entertainment,facebook,2024-06-27
songs vinadam relax istundi,user_4976,entertainment,linkedin,2024-03-11
journey koncham tiring ga undi,user_2688,travel,twitter,2024-03-17
budget plan chesukovali,user_3314,finance,facebook,2024-02-11
budget plan chesukovali,user_5635,finance,instagram,2024-01-24
trip ki vellanu chala enjoy chesa,user_1189,travel,facebook,2024-04-09
songs vinadam relax istundi,user_8442,entertainment,twitter,2024-06-17
songs vinadam relax istundi,user_6586,entertainment,telegram,2024-03-21
beach view amazing ga undi,user_7827,travel,instagram,2024-04-12
trip ki vellanu chala enjoy chesa,user_4725,travel,telegram,2024-01-24
stock market chala volatile ga undi,user_1038,finance,twitter,2024-03-22
healthy food tinadam start chesa,user_1740,health,instagram,2024-03-28
fitness training start chesanu,user_3498,sports,whatsapp,2024-04-05
investment gurinchi nerchukuntunna,user_7395,finance,telegram,2024-03-18
songs vinadam relax istundi,user_1130,entertainment,twitter,2024-02-25
healthy food tinadam start chesa,user_8794,health,twitter,2024-05-25
fitness training start chesanu,user_3211,sports,instagram,2024-03-18
investment gurinchi nerchukuntunna,user_6897,finance,instagram,2024-05-07
morning walk chala refreshing ga undi,user_7441,health,instagram,2024-01-10
OTT lo content chala undi,user_6709,entertainment,twitter,2024-03-07
cricket match chala exciting ga undi,user_2682,sports,facebook,2024-05-12
trip ki vellanu chala enjoy chesa,user_9182,travel,twitter,2024-01-06
trip ki vellanu chala enjoy chesa,user_1669,travel,youtube,2024-06-01
money save cheyadam important,user_4373,finance,twitter,2024-01-30
OTT lo content chala undi,user_2922,entertainment,instagram,2024-03-17
cricket match chala exciting ga undi,user_4390,sports,facebook,2024-06-18
beach view amazing ga undi,user_8903,travel,facebook,2024-01-13
trip ki vellanu chala enjoy chesa,user_3253,travel,facebook,2024-02-13
gym ki regular ga velthunna,user_8795,health,instagram,2024-04-27
money save cheyadam important,user_4389,finance,twitter,2024-05-28
money save cheyadam important,user_3661,finance,instagram,2024-04-21
expenses control cheyali,user_6788,finance,twitter,2024-04-30
comedy show chala funny ga undi,user_5056,entertainment,whatsapp,2024-04-16
trip ki vellanu chala enjoy chesa,user_7037,travel,instagram,2024-02-29
diet follow avadam kastam,user_3416,health,instagram,2024-01-28
trip ki vellanu chala enjoy chesa,user_7268,travel,facebook,2024-02-17
stock market chala volatile ga undi,user_4197,finance,instagram,2024-03-02
comedy show chala funny ga undi,user_2592,entertainment,youtube,2024-01-30
trip ki vellanu chala enjoy chesa,user_1467,travel,instagram,2024-01-28
stock market chala volatile ga undi,user_9418,finance,youtube,2024-02-03
water ekkuva tagali ani decide ayya,user_4431,health,instagram,2024-03-01
team performance bagundi,user_7065,sports,youtube,2024-02-23
gym ki regular ga velthunna,user_3603,health,youtube,2024-01-25
team performance bagundi,user_1222,sports,youtube,2024-02-26
football game super ga aadaru,user_6749,sports,twitter,2024-01-21
trip ki vellanu chala enjoy chesa,user_1277,travel,twitter,2024-02-08
water ekkuva tagali ani decide ayya,user_4854,health,twitter,2024-01-19
series binge watch chesa,user_7887,entertainment,whatsapp,2024-01-18
healthy food tinadam start chesa,user_1786,health,facebook,2024-04-02
football game super ga aadaru,user_5187,sports,twitter,2024-05-19
match last over lo twist ochindi,user_4170,sports,instagram,2024-02-07
team performance bagundi,user_1917,sports,facebook,2024-02-27
healthy food tinadam start chesa,user_2184,health,linkedin,2024-03-08
friends tho outing plan chesam,user_2134,travel,twitter,2024-03-23
investment gurinchi nerchukuntunna,user_1777,finance,instagram,2024-04-30
comedy show chala funny ga undi,user_1742,entertainment,instagram,2024-03-19
budget plan chesukovali,user_2041,finance,telegram,2024-02-23
match last over lo twist ochindi,user_3608,sports,twitter,2024-03-26
songs vinadam relax istundi,user_3304,entertainment,linkedin,2024-02-14
OTT lo content chala undi,user_1830,entertainment,twitter,2024-04-13
match last over lo twist ochindi,user_9864,sports,youtube,2024-03-16
cricket match chala exciting ga undi,user_7662,sports,twitter,2024-01-10
diet follow avadam kastam,user_8253,health,telegram,2024-01-13
comedy show chala funny ga undi,user_7638,entertainment,twitter,2024-05-10
OTT lo content chala undi,user_9120,entertainment,twitter,2024-01-18
healthy food tinadam start chesa,user_7216,health,instagram,2024-04-19
water ekkuva tagali ani decide ayya,user_2597,health,youtube,2024-02-02
comedy show chala funny ga undi,user_5444,entertainment,instagram,2024-06-01
cricket match chala exciting ga undi,user_9331,sports,instagram,2024-01-11
new movie release kosam wait chesthunna,user_4885,entertainment,twitter,2024-02-21
trip ki vellanu chala enjoy chesa,user_4990,travel,instagram,2024-01-23
gym ki regular ga velthunna,user_8846,health,instagram,2024-05-28
expenses control cheyali,user_3217,finance,instagram,2024-06-23
friends tho outing plan chesam,user_4353,travel,whatsapp,2024-04-12
trip ki vellanu chala enjoy chesa,user_6956,travel,telegram,2024-01-15
comedy show chala funny ga undi,user_5226,entertainment,facebook,2024-02-20
comedy show chala funny ga undi,user_4955,entertainment,telegram,2024-04-07
comedy show chala funny ga undi,user_2076,entertainment,youtube,2024-01-07
investment gurinchi nerchukuntunna,user_3290,finance,instagram,2024-01-30
new movie release kosam wait chesthunna,user_6818,entertainment,twitter,2024-01-08
beach view amazing ga undi,user_8883,travel,instagram,2024-01-24
comedy show chala funny ga undi,user_7167,entertainment,twitter,2024-04-13
OTT lo content chala undi,user_2707,entertainment,instagram,2024-05-19
diet follow avadam kastam,user_6866,health,twitter,2024-05-05
football game super ga aadaru,user_9484,sports,whatsapp,2024-06-07
new movie release kosam wait chesthunna,user_2203,entertainment,twitter,2024-06-03
new movie release kosam wait chesthunna,user_1946,entertainment,facebook,2024-02-24
healthy food tinadam start chesa,user_1501,health,twitter,2024-03-25
journey koncham tiring ga undi,user_3580,travel,twitter,2024-06-03
expenses control cheyali,user_3394,finance,instagram,2024-04-23
series binge watch chesa,user_9904,entertainment,facebook,2024-04-27
fitness training start chesanu,user_9619,sports,telegram,2024-05-18
investment gurinchi nerchukuntunna,user_1734,finance,instagram,2024-01-02
expenses control cheyali,user_4898,finance,instagram,2024-01-16
fitness training start chesanu,user_5343,sports,instagram,2024-05-11
friends tho outing plan chesam,user_3414,travel,instagram,2024-04-06
stock market chala volatile ga undi,user_9723,finance,twitter,2024-02-16
investment gurinchi nerchukuntunna,user_4759,finance,twitter,2024-03-15
budget plan chesukovali,user_9276,finance,youtube,2024-03-30
diet follow avadam kastam,user_3203,health,facebook,2024-05-26
comedy show chala funny ga undi,user_6970,entertainment,instagram,2024-02-22
fitness training start chesanu,user_3177,sports,instagram,2024-04-25
new places explore cheyadam ishtam,user_7378,travel,instagram,2024-03-23
journey koncham tiring ga undi,user_3861,travel,instagram,2024-04-08
stock market chala volatile ga undi,user_1627,finance,facebook,2024-06-01
new places explore cheyadam ishtam,user_2599,travel,telegram,2024-02-02
friends tho outing plan chesam,user_3712,travel,youtube,2024-04-27
journey koncham tiring ga undi,user_6093,travel,twitter,2024-01-19
new movie release kosam wait chesthunna,user_2777,entertainment,twitter,2024-05-04
morning walk chala refreshing ga undi,user_7812,health,twitter,2024-05-03
diet follow avadam kastam,user_5805,health,youtube,2024-02-05
cricket match chala exciting ga undi,user_5457,sports,youtube,2024-05-31
stock market chala volatile ga undi,user_6464,finance,telegram,2024-03-17
expenses control cheyali,user_2337,finance,instagram,2024-02-25
team performance bagundi,user_8573,sports,telegram,2024-04-17
morning walk chala refreshing ga undi,user_8752,health,telegram,2024-06-23
series binge watch chesa,user_7860,entertainment,telegram,2024-05-06
friends tho outing plan chesam,user_3717,travel,youtube,2024-02-24
money save cheyadam important,user_7494,finance,instagram,2024-03-22
money save cheyadam important,user_5225,finance,twitter,2024-02-16
stock market chala volatile ga undi,user_1109,finance,twitter,2024-02-05
morning walk chala refreshing ga undi,user_3975,health,facebook,2024-03-02
football game super ga aadaru,user_1241,sports,twitter,2024-04-08
friends tho outing plan chesam,user_9863,travel,twitter,2024-04-19
new movie release kosam wait chesthunna,user_7904,entertainment,twitter,2024-05-12
trip ki vellanu chala enjoy chesa,user_1976,travel,youtube,2024-06-22
songs vinadam relax istundi,user_1119,entertainment,instagram,2024-04-02
expenses control cheyali,user_1314,finance,instagram,2024-03-15
series binge watch chesa,user_9604,entertainment,twitter,2024-04-24
journey koncham tiring ga undi,user_7845,travel,facebook,2024-05-05
series binge watch chesa,user_4027,entertainment,instagram,2024-01-28
money save cheyadam important,user_1349,finance,youtube,2024-04-24
fitness training start chesanu,user_1123,sports,facebook,2024-05-25
money save cheyadam important,user_7731,finance,telegram,2024-01-25
football game super ga aadaru,user_6913,sports,instagram,2024-01-19
match last over lo twist ochindi,user_1172,sports,telegram,2024-01-10
match last over lo twist ochindi,user_1110,sports,facebook,2024-06-21
comedy show chala funny ga undi,user_7001,entertainment,twitter,2024-05-20
friends tho outing plan chesam,user_3444,travel,twitter,2024-06-09
OTT lo content chala undi,user_9669,entertainment,instagram,2024-05-12
budget plan chesukovali,user_9870,finance,twitter,2024-05-01
investment gurinchi nerchukuntunna,user_3278,finance,twitter,2024-04-26
investment gurinchi nerchukuntunna,user_4301,finance,facebook,2024-05-12
team performance bagundi,user_7330,sports,whatsapp,2024-03-02
team performance bagundi,user_1143,sports,telegram,2024-03-13
songs vinadam relax istundi,user_1159,entertainment,twitter,2024-01-22
new movie release kosam wait chesthunna,user_2979,entertainment,facebook,2024-02-20
new places explore cheyadam ishtam,user_3860,travel,telegram,2024-05-16
trip ki vellanu chala enjoy chesa,user_9076,travel,facebook,2024-06-14
football game super ga aadaru,user_4973,sports,youtube,2024-02-05
diet follow avadam kastam,user_9921,health,facebook,2024-06-21
football game super ga aadaru,user_5573,sports,instagram,2024-02-12
morning walk chala refreshing ga undi,user_8280,health,telegram,2024-04-02
diet follow avadam kastam,user_9184,health,instagram,2024-03-31
comedy show chala funny ga undi,user_1954,entertainment,telegram,2024-01-30
new movie release kosam wait chesthunna,user_3153,entertainment,twitter,2024-03-19
friends tho outing plan chesam,user_3839,travel,twitter,2024-04-03
friends tho outing plan chesam,user_5470,travel,facebook,2024-03-24
cricket match chala exciting ga undi,user_3520,sports,instagram,2024-06-18
comedy show chala funny ga undi,user_1314,entertainment,facebook,2024-02-08
budget plan chesukovali,user_7549,finance,twitter,2024-04-06
healthy food tinadam start chesa,user_1232,health,instagram,2024-05-04
healthy food tinadam start chesa,user_6207,health,telegram,2024-02-25
investment gurinchi nerchukuntunna,user_6397,finance,instagram,2024-03-22
OTT lo content chala undi,user_2023,entertainment,youtube,2024-01-10
new places explore cheyadam ishtam,user_5968,travel,youtube,2024-03-29
new movie release kosam wait chesthunna,user_1718,entertainment,twitter,2024-01-25
investment gurinchi nerchukuntunna,user_4190,finance,twitter,2024-02-16
friends tho outing plan chesam,user_5035,travel,twitter,2024-02-24
water ekkuva tagali ani decide ayya,user_3153,health,facebook,2024-04-28
diet follow avadam kastam,user_2722,health,facebook,2024-03-29
new movie release kosam wait chesthunna,user_9584,entertainment,instagram,2024-06-21
morning walk chala refreshing ga undi,user_3456,health,twitter,2024-01-11
football game super ga aadaru,user_1471,sports,twitter,2024-06-23
new movie release kosam wait chesthunna,user_5193,entertainment,twitter,2024-01-29
team performance bagundi,user_4187,sports,youtube,2024-06-19
team performance bagundi,user_3174,sports,instagram,2024-05-28
gym ki regular ga velthunna,user_6015,health,youtube,2024-06-30
money save cheyadam important,user_9368,finance,instagram,2024-01-03
beach view amazing ga undi,user_1000,travel,twitter,2024-01-06
OTT lo content chala undi,user_7628,entertainment,twitter,2024-04-03
match last over lo twist ochindi,user_3071,sports,twitter,2024-01-27
healthy food tinadam start chesa,user_9720,health,youtube,2024-03-27
new places explore cheyadam ishtam,user_6385,travel,facebook,2024-04-02
friends tho outing plan chesam,user_9702,travel,instagram,2024-03-06
journey koncham tiring ga undi,user_3877,travel,instagram,2024-05-26
morning walk chala refreshing ga undi,user_7327,health,facebook,2024-01-07
healthy food tinadam start chesa,user_2483,health,twitter,2024-05-27
gym ki regular ga velthunna,user_7768,health,facebook,2024-02-25
new movie release kosam wait chesthunna,user_4693,entertainment,facebook,2024-01-11
cricket match chala exciting ga undi,user_3956,sports,instagram,2024-03-31
budget plan chesukovali,user_5522,finance,linkedin,2024-05-26
match last over lo twist ochindi,user_1222,sports,facebook,2024-05-23
new movie release kosam wait chesthunna,user_5399,entertainment,instagram,2024-06-05
journey koncham tiring ga undi,user_8448,travel,youtube,2024-01-15
investment gurinchi nerchukuntunna,user_9849,finance,instagram,2024-05-01
journey koncham tiring ga undi,user_9307,travel,facebook,2024-05-05
budget plan chesukovali,user_3034,finance,instagram,2024-01-16
new movie release kosam wait chesthunna,user_6499,entertainment,twitter,2024-05-25
budget plan chesukovali,user_3940,finance,youtube,2024-06-28
match last over lo twist ochindi,user_5154,sports,twitter,2024-03-10
budget plan chesukovali,user_2529,finance,instagram,2024-04-10
journey koncham tiring ga undi,user_3909,travel,facebook,2024-01-15
morning walk chala refreshing ga undi,user_1257,health,instagram,2024-03-16
water ekkuva tagali ani decide ayya,user_4540,health,twitter,2024-01-10
diet follow avadam kastam,user_2677,health,instagram,2024-04-18
journey koncham tiring ga undi,user_3885,travel,youtube,2024-01-31
match last over lo twist ochindi,user_1131,sports,linkedin,2024-06-11
cricket match chala exciting ga undi,user_2830,sports,instagram,2024-03-17
football game super ga aadaru,user_8208,sports,twitter,2024-04-18
friends tho outing plan chesam,user_2580,travel,twitter,2024-02-12
friends tho outing plan chesam,user_6825,travel,twitter,2024-06-22
investment gurinchi nerchukuntunna,user_7086,finance,twitter,2024-03-04
investment gurinchi nerchukuntunna,user_6704,finance,instagram,2024-02-05
OTT lo content chala undi,user_6214,entertainment,facebook,2024-04-26
comedy show chala funny ga undi,user_2558,entertainment,instagram,2024-02-23
trip ki vellanu chala enjoy chesa,user_4032,travel,youtube,2024-02-07
cricket match chala exciting ga undi,user_5789,sports,twitter,2024-06-04
beach view amazing ga undi,user_9136,travel,facebook,2024-03-14
team performance bagundi,user_9507,sports,instagram,2024-01-04
friends tho outing plan chesam,user_3210,travel,twitter,2024-03-17
match last over lo twist ochindi,user_5734,sports,facebook,2024-03-02
OTT lo content chala undi,user_7819,entertainment,telegram,2024-04-17
investment gurinchi nerchukuntunna,user_8299,finance,facebook,2024-01-03
comedy show chala funny ga undi,user_5049,entertainment,whatsapp,2024-04-20
comedy show chala funny ga undi,user_3925,entertainment,telegram,2024-01-10
friends tho outing plan chesam,user_9320,travel,facebook,2024-05-30
money save cheyadam important,user_3427,finance,facebook,2024-04-09
songs vinadam relax istundi,user_6411,entertainment,instagram,2024-05-22
OTT lo content chala undi,user_5016,entertainment,twitter,2024-03-15
new movie release kosam wait chesthunna,user_1494,entertainment,facebook,2024-02-16
healthy food tinadam start chesa,user_2134,health,youtube,2024-03-04
series binge watch chesa,user_9764,entertainment,instagram,2024-01-28
songs vinadam relax istundi,user_6935,entertainment,instagram,2024-05-09
diet follow avadam kastam,user_6151,health,twitter,2024-01-23
new places explore cheyadam ishtam,user_4270,travel,twitter,2024-06-08
budget plan chesukovali,user_7294,finance,instagram,2024-01-03
new movie release kosam wait chesthunna,user_3666,entertainment,instagram,2024-03-20
fitness training start chesanu,user_4249,sports,instagram,2024-04-08
cricket match chala exciting ga undi,user_6765,sports,instagram,2024-04-28
gym ki regular ga velthunna,user_6249,health,facebook,2024-06-21
gym ki regular ga velthunna,user_4287,health,facebook,2024-06-25
money save cheyadam important,user_1827,finance,whatsapp,2024-01-05
beach view amazing ga undi,user_3902,travel,linkedin,2024-06-04
trip ki vellanu chala enjoy chesa,user_9444,travel,twitter,2024-03-21
water ekkuva tagali ani decide ayya,user_6060,health,instagram,2024-06-07
beach view amazing ga undi,user_3944,travel,instagram,2024-01-02
expenses control cheyali,user_7212,finance,facebook,2024-03-13
gym ki regular ga velthunna,user_9768,health,telegram,2024-02-08
OTT lo content chala undi,user_9223,entertainment,youtube,2024-04-06
OTT lo content chala undi,user_6617,entertainment,instagram,2024-01-25
journey koncham tiring ga undi,user_8803,travel,twitter,2024-06-20
money save cheyadam important,user_9771,finance,facebook,2024-04-05
journey koncham tiring ga undi,user_4405,travel,instagram,2024-05-27
cricket match chala exciting ga undi,user_1643,sports,telegram,2024-04-13
healthy food tinadam start chesa,user_5418,health,twitter,2024-06-07
football game super ga aadaru,user_2798,sports,facebook,2024-06-28
team performance bagundi,user_2604,sports,twitter,2024-06-11
series binge watch chesa,user_1695,entertainment,facebook,2024-04-18
fitness training start chesanu,user_8154,sports,twitter,2024-06-23
OTT lo content chala undi,user_6291,entertainment,twitter,2024-03-07
budget plan chesukovali,user_2250,finance,instagram,2024-06-15
expenses control cheyali,user_8058,finance,instagram,2024-03-11
fitness training start chesanu,user_4354,sports,youtube,2024-06-15
team performance bagundi,user_6983,sports,whatsapp,2024-03-03
OTT lo content chala undi,user_3126,entertainment,twitter,2024-04-14
water ekkuva tagali ani decide ayya,user_8261,health,facebook,2024-04-09
beach view amazing ga undi,user_1170,travel,facebook,2024-01-06
friends tho outing plan chesam,user_3590,travel,facebook,2024-06-10
water ekkuva tagali ani decide ayya,user_7116,health,linkedin,2024-06-25
beach view amazing ga undi,user_5291,travel,twitter,2024-02-03
budget plan chesukovali,user_8209,finance,twitter,2024-06-19
gym ki regular ga velthunna,user_5025,health,facebook,2024-01-29
budget plan chesukovali,user_3429,finance,instagram,2024-03-04
series binge watch chesa,user_7511,entertainment,youtube,2024-04-29
new places explore cheyadam ishtam,user_1886,travel,twitter,2024-04-06
journey koncham tiring ga undi,user_8443,travel,youtube,2024-03-19
cricket match chala exciting ga undi,user_6070,sports,youtube,2024-05-07
new places explore cheyadam ishtam,user_4129,travel,twitter,2024-06-20
comedy show chala funny ga undi,user_3118,entertainment,facebook,2024-03-20
songs vinadam relax istundi,user_5269,entertainment,facebook,2024-05-21
football game super ga aadaru,user_2269,sports,instagram,2024-03-11
beach view amazing ga undi,user_1535,travel,facebook,2024-04-28
songs vinadam relax istundi,user_9039,entertainment,facebook,2024-05-11
comedy show chala funny ga undi,user_5775,entertainment,instagram,2024-04-22
friends tho outing plan chesam,user_7511,travel,facebook,2024-06-17
friends tho outing plan chesam,user_3271,travel,twitter,2024-05-16
football game super ga aadaru,user_7262,sports,instagram,2024-06-14
investment gurinchi nerchukuntunna,user_5742,finance,twitter,2024-05-22
water ekkuva tagali ani decide ayya,user_7860,health,twitter,2024-03-28
beach view amazing ga undi,user_8009,travel,twitter,2024-05-15
comedy show chala funny ga undi,user_7689,entertainment,facebook,2024-05-10
morning walk chala refreshing ga undi,user_7600,health,instagram,2024-02-05
stock market chala volatile ga undi,user_4137,finance,telegram,2024-05-19
fitness training start chesanu,user_6512,sports,twitter,2024-02-06
comedy show chala funny ga undi,user_5884,entertainment,instagram,2024-04-27
fitness training start chesanu,user_2280,sports,twitter,2024-04-20
expenses control cheyali,user_5608,finance,whatsapp,2024-04-23
healthy food tinadam start chesa,user_9886,health,instagram,2024-02-17
new places explore cheyadam ishtam,user_3520,travel,facebook,2024-06-09
beach view amazing ga undi,user_5643,travel,facebook,2024-04-13
expenses control cheyali,user_6332,finance,twitter,2024-01-08
stock market chala volatile ga undi,user_5547,finance,instagram,2024-01-20
new movie release kosam wait chesthunna,user_9550,entertainment,whatsapp,2024-02-23
healthy food tinadam start chesa,user_5458,health,whatsapp,2024-05-26
budget plan chesukovali,user_1369,finance,instagram,2024-03-19
water ekkuva tagali ani decide ayya,user_6560,health,facebook,2024-06-01
budget plan chesukovali,user_1905,finance,twitter,2024-03-18
money save cheyadam important,user_7203,finance,twitter,2024-05-26
cricket match chala exciting ga undi,user_1891,sports,twitter,2024-06-04
friends tho outing plan chesam,user_9919,travel,linkedin,2024-05-11
morning walk chala refreshing ga undi,user_8558,health,twitter,2024-06-08
comedy show chala funny ga undi,user_1430,entertainment,telegram,2024-05-19
series binge watch chesa,user_6987,entertainment,instagram,2024-02-11
fitness training start chesanu,user_6611,sports,facebook,2024-03-15
friends tho outing plan chesam,user_1248,travel,instagram,2024-01-18
new movie release kosam wait chesthunna,user_5655,entertainment,twitter,2024-05-29
match last over lo twist ochindi,user_1652,sports,twitter,2024-05-14
OTT lo content chala undi,user_8819,entertainment,twitter,2024-03-12
series binge watch chesa,user_2809,entertainment,telegram,2024-05-15
healthy food tinadam start chesa,user_9430,health,facebook,2024-04-27
trip ki vellanu chala enjoy chesa,user_5604,travel,instagram,2024-04-05
series binge watch chesa,user_8028,entertainment,telegram,2024-05-03
investment gurinchi nerchukuntunna,user_5167,finance,instagram,2024-02-01
football game super ga aadaru,user_7988,sports,instagram,2024-03-19
water ekkuva tagali ani decide ayya,user_2242,health,facebook,2024-01-31
fitness training start chesanu,user_7751,sports,twitter,2024-05-24
budget plan chesukovali,user_6049,finance,instagram,2024-04-10
team performance bagundi,user_7396,sports,instagram,2024-04-19
cricket match chala exciting ga undi,user_5187,sports,facebook,2024-04-05
beach view amazing ga undi,user_2777,travel,twitter,2024-04-12
budget plan chesukovali,user_6498,finance,instagram,2024-02-27
gym ki regular ga velthunna,user_1449,health,telegram,2024-05-03
new movie release kosam wait chesthunna,user_3094,entertainment,whatsapp,2024-04-01
cricket match chala exciting ga undi,user_6921,sports,facebook,2024-04-30
football game super ga aadaru,user_9942,sports,instagram,2024-03-17
series binge watch chesa,user_3057,entertainment,twitter,2024-05-12
new movie release kosam wait chesthunna,user_2046,entertainment,twitter,2024-05-12
cricket match chala exciting ga undi,user_2520,sports,instagram,2024-06-13
diet follow avadam kastam,user_1892,health,telegram,2024-05-22
money save cheyadam important,user_2745,finance,twitter,2024-06-11
gym ki regular ga velthunna,user_5381,health,linkedin,2024-05-25
football game super ga aadaru,user_9167,sports,whatsapp,2024-03-14
water ekkuva tagali ani decide ayya,user_6256,health,instagram,2024-04-04
morning walk chala refreshing ga undi,user_9391,health,twitter,2024-01-13
series binge watch chesa,user_6348,entertainment,youtube,2024-04-28
football game super ga aadaru,user_9325,sports,instagram,2024-03-11
new movie release kosam wait chesthunna,user_3996,entertainment,whatsapp,2024-05-21
investment gurinchi nerchukuntunna,user_4090,finance,whatsapp,2024-06-21
journey koncham tiring ga undi,user_5007,travel,instagram,2024-04-05
team performance bagundi,user_3565,sports,instagram,2024-05-17
diet follow avadam kastam,user_9702,health,instagram,2024-04-29
comedy show chala funny ga undi,user_6049,entertainment,linkedin,2024-01-27
cricket match chala exciting ga undi,user_3830,sports,twitter,2024-02-03
expenses control cheyali,user_5867,finance,twitter,2024-04-29
morning walk chala refreshing ga undi,user_6697,health,facebook,2024-01-18
budget plan chesukovali,user_9322,finance,twitter,2024-03-31
budget plan chesukovali,user_9173,finance,linkedin,2024-06-15
songs vinadam relax istundi,user_9216,entertainment,instagram,2024-03-07
journey koncham tiring ga undi,user_6740,travel,twitter,2024-04-28
budget plan chesukovali,user_7975,finance,instagram,2024-03-28
investment gurinchi nerchukuntunna,user_4964,finance,twitter,2024-06-25
football game super ga aadaru,user_5807,sports,instagram,2024-01-21
series binge watch chesa,user_3976,entertainment,twitter,2024-06-06
new movie release kosam wait chesthunna,user_9578,entertainment,instagram,2024-06-24
budget plan chesukovali,user_3627,finance,instagram,2024-04-20
new places explore cheyadam ishtam,user_3860,travel,instagram,2024-03-02
budget plan chesukovali,user_2768,finance,telegram,2024-05-25
OTT lo content chala undi,user_8340,entertainment,youtube,2024-03-17
new movie release kosam wait chesthunna,user_6345,entertainment,instagram,2024-01-09
diet follow avadam kastam,user_7365,health,twitter,2024-06-21
beach view amazing ga undi,user_4720,travel,twitter,2024-01-09
gym ki regular ga velthunna,user_7725,health,telegram,2024-03-07
new places explore cheyadam ishtam,user_3335,travel,instagram,2024-03-03
journey koncham tiring ga undi,user_8680,travel,instagram,2024-06-20
series binge watch chesa,user_8719,entertainment,instagram,2024-05-28
gym ki regular ga velthunna,user_1507,health,facebook,2024-04-30
match last over lo twist ochindi,user_7722,sports,instagram,2024-03-22
beach view amazing ga undi,user_3347,travel,youtube,2024-01-14
stock market chala volatile ga undi,user_2567,finance,twitter,2024-03-17
morning walk chala refreshing ga undi,user_4064,health,twitter,2024-01-07
cricket match chala exciting ga undi,user_8543,sports,youtube,2024-06-14
budget plan chesukovali,user_9907,finance,telegram,2024-01-20
expenses control cheyali,user_4711,finance,twitter,2024-02-18
budget plan chesukovali,user_8406,finance,instagram,2024-05-24
match last over lo twist ochindi,user_4951,sports,whatsapp,2024-02-14
expenses control cheyali,user_8621,finance,facebook,2024-04-27
new movie release kosam wait chesthunna,user_5667,entertainment,youtube,2024-01-03
trip ki vellanu chala enjoy chesa,user_9080,travel,facebook,2024-02-02
expenses control cheyali,user_2777,finance,facebook,2024-01-16
OTT lo content chala undi,user_1138,entertainment,linkedin,2024-03-11
money save cheyadam important,user_6189,finance,twitter,2024-05-07
new places explore cheyadam ishtam,user_2360,travel,twitter,2024-01-13
OTT lo content chala undi,user_8091,entertainment,youtube,2024-01-29
journey koncham tiring ga undi,user_5164,travel,twitter,2024-04-13
morning walk chala refreshing ga undi,user_2409,health,twitter,2024-04-07
cricket match chala exciting ga undi,user_7998,sports,instagram,2024-06-11
diet follow avadam kastam,user_8397,health,twitter,2024-06-11
football game super ga aadaru,user_7664,sports,youtube,2024-06-01
journey koncham tiring ga undi,user_4974,travel,whatsapp,2024-05-15
comedy show chala funny ga undi,user_8326,entertainment,youtube,2024-05-27
fitness training start chesanu,user_8783,sports,twitter,2024-05-30
OTT lo content chala undi,user_5301,entertainment,whatsapp,2024-06-16
morning walk chala refreshing ga undi,user_8073,health,twitter,2024-05-16
morning walk chala refreshing ga undi,user_5515,health,telegram,2024-05-26
expenses control cheyali,user_1181,finance,facebook,2024-06-08
friends tho outing plan chesam,user_9458,travel,youtube,2024-06-21
diet follow avadam kastam,user_7340,health,youtube,2024-06-16
budget plan chesukovali,user_4039,finance,instagram,2024-05-10
gym ki regular ga velthunna,user_8766,health,twitter,2024-02-05
diet follow avadam kastam,user_4744,health,twitter,2024-04-30
money save cheyadam important,user_2775,finance,instagram,2024-06-04
trip ki vellanu chala enjoy chesa,user_9156,travel,twitter,2024-03-13
diet follow avadam kastam,user_5305,health,linkedin,2024-05-07
expenses control cheyali,user_3271,finance,twitter,2024-05-19
stock market chala volatile ga undi,user_7102,finance,telegram,2024-03-28
new places explore cheyadam ishtam,user_4072,travel,twitter,2024-05-21
stock market chala volatile ga undi,user_3966,finance,instagram,2024-04-15
friends tho outing plan chesam,user_2373,travel,facebook,2024-04-03
songs vinadam relax istundi,user_6161,entertainment,instagram,2024-03-18
diet follow avadam kastam,user_6023,health,twitter,2024-04-19
match last over lo twist ochindi,user_4887,sports,facebook,2024-02-20
team performance bagundi,user_5891,sports,twitter,2024-02-03
comedy show chala funny ga undi,user_6471,entertainment,youtube,2024-06-13
investment gurinchi nerchukuntunna,user_8247,finance,twitter,2024-02-20
gym ki regular ga velthunna,user_6459,health,instagram,2024-01-25
team performance bagundi,user_7941,sports,instagram,2024-03-19
water ekkuva tagali ani decide ayya,user_9198,health,instagram,2024-05-16
journey koncham tiring ga undi,user_4529,travel,instagram,2024-04-14
trip ki vellanu chala enjoy chesa,user_8530,travel,twitter,2024-06-11
money save cheyadam important,user_3718,finance,twitter,2024-02-03
team performance bagundi,user_2519,sports,twitter,2024-06-12
healthy food tinadam start chesa,user_6175,health,facebook,2024-04-06
water ekkuva tagali ani decide ayya,user_4009,health,instagram,2024-03-25
diet follow avadam kastam,user_7641,health,youtube,2024-06-18
cricket match chala exciting ga undi,user_2281,sports,instagram,2024-04-27
match last over lo twist ochindi,user_1934,sports,youtube,2024-03-11
new places explore cheyadam ishtam,user_2811,travel,twitter,2024-02-19
cricket match chala exciting ga undi,user_6948,sports,youtube,2024-02-29
healthy food tinadam start chesa,user_2188,health,youtube,2024-04-11
beach view amazing ga undi,user_1401,travel,facebook,2024-02-17
beach view amazing ga undi,user_1326,travel,facebook,2024-01-26
stock market chala volatile ga undi,user_1114,finance,instagram,2024-06-24
trip ki vellanu chala enjoy chesa,user_9819,travel,twitter,2024-06-04
water ekkuva tagali ani decide ayya,user_4672,health,facebook,2024-01-18
football game super ga aadaru,user_9907,sports,telegram,2024-02-21
match last over lo twist ochindi,user_9340,sports,twitter,2024-03-24
morning walk chala refreshing ga undi,user_4819,health,facebook,2024-05-02
investment gurinchi nerchukuntunna,user_3513,finance,instagram,2024-03-05
match last over lo twist ochindi,user_8410,sports,whatsapp,2024-02-07
water ekkuva tagali ani decide ayya,user_2049,health,twitter,2024-02-01
new places explore cheyadam ishtam,user_8511,travel,twitter,2024-05-01
gym ki regular ga velthunna,user_9625,health,facebook,2024-04-11
beach view amazing ga undi,user_7776,travel,twitter,2024-01-30
gym ki regular ga velthunna,user_7246,health,instagram,2024-04-11
expenses control cheyali,user_1277,finance,instagram,2024-01-17
stock market chala volatile ga undi,user_5710,finance,instagram,2024-06-25
money save cheyadam important,user_4209,finance,twitter,2024-03-15
trip ki vellanu chala enjoy chesa,user_1199,travel,twitter,2024-04-23
journey koncham tiring ga undi,user_4723,travel,instagram,2024-04-05
water ekkuva tagali ani decide ayya,user_9183,health,facebook,2024-02-12
new movie release kosam wait chesthunna,user_9856,entertainment,twitter,2024-05-18
trip ki vellanu chala enjoy chesa,user_9640,travel,facebook,2024-04-10
fitness training start chesanu,user_7401,sports,instagram,2024-02-18
trip ki vellanu chala enjoy chesa,user_3956,travel,facebook,2024-01-23
songs vinadam relax istundi,user_9858,entertainment,twitter,2024-02-21
trip ki vellanu chala enjoy chesa,user_5760,travel,facebook,2024-04-10
new movie release kosam wait chesthunna,user_2424,entertainment,facebook,2024-06-01
friends tho outing plan chesam,user_1651,travel,instagram,2024-06-07
cricket match chala exciting ga undi,user_7258,sports,telegram,2024-03-25
expenses control cheyali,user_1967,finance,twitter,2024-03-19
gym ki regular ga velthunna,user_3303,health,twitter,2024-03-25
investment gurinchi nerchukuntunna,user_7124,finance,twitter,2024-01-11
OTT lo content chala undi,user_6996,entertainment,youtube,2024-03-04
diet follow avadam kastam,user_7063,health,instagram,2024-03-25
money save cheyadam important,user_8848,finance,instagram,2024-04-04
stock market chala volatile ga undi,user_3538,finance,instagram,2024-05-20
match last over lo twist ochindi,user_5519,sports,facebook,2024-05-20
budget plan chesukovali,user_1409,finance,twitter,2024-02-05
diet follow avadam kastam,user_5317,health,facebook,2024-02-29
trip ki vellanu chala enjoy chesa,user_4281,travel,linkedin,2024-04-05
